"instanceType","id","isEnabled","uuid:ID"
"ResponseCode","ResponseCode_151","True","5f841faa-88ad-4ca5-ac14-5263eec02a57"
"ResponseCode","ResponseCode_152","True","59a187b3-f5c1-415c-8ad1-3cbff2923144"
"ResponseCode","ResponseCode_153","True","a2a74834-45e5-4db8-9b73-a1231bd1e041"
"ResponseCode","ResponseCode_154","True","cb3bda04-c216-466c-97e3-64aff1b0548d"
"ResponseCode","ResponseCode_155","True","dad6970f-7c07-423a-9391-7800d41b9f78"
"ResponseCode","ResponseCode_156","True","3fa8c10e-4ebb-4ef1-891f-3e25f391eabb"
"ResponseCode","ResponseCode_157","True","a1ddc787-3b72-4db8-b0ae-61f55d64c5b4"
"ResponseCode","ResponseCode_158","True","14d30469-df2f-4901-ac9c-257cd4fa9c1a"
"ResponseCode","ResponseCode_159","True","14e79ea1-7224-460f-bf14-ed33e4b0d89d"
"ResponseCode","ResponseCode_160","True","10dddcb4-5da6-476a-8955-90bfd7b5f29e"
"ResponseCode","ResponseCode_161","True","020cfe6e-7f16-488a-b2c8-28c5ea348f0d"
"ResponseCode","ResponseCode_162","True","a7653fbd-7908-4c09-aa03-0d5726a540eb"
"ResponseCode","ResponseCode_163","True","236f39d8-057f-4630-9079-18e5932b764a"
"ResponseCode","ResponseCode_164","True","e0e6787a-d38a-4f3a-b270-92b5acd44125"
"ResponseCode","ResponseCode_165","True","a55f34df-da9e-456c-8f97-95814ddffefa"
"ResponseCode","ResponseCode_166","True","68b0968e-59ec-410d-82dc-ee85156035df"
"ResponseCode","ResponseCode_167","True","dace823a-29ad-4645-85c0-e7ad5150bed2"
"ResponseCode","ResponseCode_168","True","570b2806-074e-4e4f-b80a-0d3f1ca19a91"
"ResponseCode","ResponseCode_169","True","5fb2512a-f25d-47e6-81e8-089203bfeb8c"
"ResponseCode","ResponseCode_170","True","5bd7d0a4-2768-4b54-8535-409b5d1fbaa2"
"ResponseCode","ResponseCode_171","True","51c7c7a2-1fd6-4b55-aad0-ef27076e9ac0"
"ResponseCode","ResponseCode_172","True","dbc1ec73-b2bb-48a1-85e7-1feb924337cf"
"ResponseCode","ResponseCode_173","True","ed4f1285-499a-401e-a2a3-da1ce8ee5959"
"ResponseCode","ResponseCode_174","True","404bf6cb-e5c5-43ce-ad2e-e8b1cfef0794"
"ResponseCode","ResponseCode_175","True","483ea5aa-6d7c-46cb-a8f0-c7f8bcdcde50"
"ResponseCode","ResponseCode_176","True","f2bd565c-7284-4f69-91db-fe0f015fc4c6"
"ResponseCode","ResponseCode_177","True","4f6344cd-b9b8-4a7b-be2b-3f8fe696dd2a"
"ResponseCode","ResponseCode_178","True","bae9a0cb-f712-4a6d-9d8c-f7d6549153f1"
"ResponseCode","ResponseCode_179","True","f0341015-feae-4551-90a9-e558c7258ac7"
"ResponseCode","ResponseCode_180","True","b89346c1-e052-4cdc-94d1-0a0675cccc1f"
"ResponseCode","ResponseCode_181","True","c8e4ff62-aaaf-4194-988c-aef6ef08c354"
"ResponseCode","ResponseCode_182","True","ec3c2cb9-c023-4bf6-96df-749958bb30eb"
"ResponseCode","ResponseCode_183","True","f6b1fcaf-9da6-4b00-ba6e-bd81daad7784"
"ResponseCode","ResponseCode_184","True","f85fd78b-9f28-4c65-b43b-8f45faf3baa4"
"ResponseCode","ResponseCode_185","True","b35a05ca-211d-4f59-b797-20f990268af1"
"ResponseCode","ResponseCode_186","True","6c8bbbeb-922d-42da-9b66-db4d93add891"
"ResponseCode","ResponseCode_187","True","086812e5-d3df-43e7-8747-b90363ebfd78"
"ResponseCode","ResponseCode_188","True","85faf8a4-6e90-489f-9daf-b511a5d62d38"
"ResponseCode","ResponseCode_189","True","7d447812-2548-4012-8aba-f6238673f458"
"ResponseCode","ResponseCode_190","True","69304b9a-3480-4ddf-b8ff-b71f08495092"
"ResponseCode","ResponseCode_191","True","579b8a2f-d5b5-445d-8273-33f2948f9b13"
"ResponseCode","ResponseCode_192","True","0c958577-2240-46a5-b8f3-55bd5e5dccbc"
"ResponseCode","ResponseCode_193","True","7e5db606-3c5b-4ec4-802e-03171f8559ae"
"ResponseCode","ResponseCode_194","True","edcd420f-95c6-422a-9e5b-175de402d402"
"ResponseCode","ResponseCode_195","True","fcceae87-f8bd-431b-bbe8-da9e8ee81aac"
"ResponseCode","ResponseCode_196","True","881f7573-02c6-4a38-9037-0b946b3961d6"
"ResponseCode","ResponseCode_197","True","c181a255-78eb-4e42-a30d-f96a31eb8bc6"
"ResponseCode","ResponseCode_198","True","8019fced-dafe-44de-b1dd-49ac93ae9220"
"ResponseCode","ResponseCode_199","True","25946083-69cb-42f1-830c-d7af44d88fac"
"ResponseCode","ResponseCode_200","True","48931139-1db2-49a0-ba23-7275a033e936"
"ResponseCode","ResponseCode_201","True","5b7c86d5-4e25-4614-bdf0-125d294c2379"
"ResponseCode","ResponseCode_202","True","7b30f0a3-6cac-4c3a-993c-e1af7ff41d98"
"ResponseCode","ResponseCode_203","True","60f63eee-1cae-4e1f-9d81-5a108139eab6"
"ResponseCode","ResponseCode_1","True","eacc5fb8-7136-425f-beab-a96db700ceaa"
"ResponseCode","ResponseCode_2","True","3731e0dd-0114-432d-9fbf-4fc1423b8293"
"ResponseCode","ResponseCode_3","True","59365c27-f68c-4263-b09a-238b2f4817ee"
"ResponseCode","ResponseCode_4","True","fe12a6d6-000f-495b-b382-982c61f961f0"
"ResponseCode","ResponseCode_5","True","44d56b4d-05ef-44b1-8f0c-746f3fe2aa7e"
"ResponseCode","ResponseCode_6","True","a8060987-4f46-4c57-a518-613bccf72bbc"
"ResponseCode","ResponseCode_7","True","34a223a0-05e1-48b8-bb20-50036b6ce651"
"ResponseCode","ResponseCode_8","True","fcf6a278-f0ef-48ff-ac73-9ef73f214af0"
"ResponseCode","ResponseCode_9","True","b39dbab7-83c0-4a2d-9166-493be704f58a"
"ResponseCode","ResponseCode_10","True","25684889-e2a7-4ad1-b94a-a8e8e1af321f"
"ResponseCode","ResponseCode_11","True","76d54ac8-016e-404a-8f3f-6e78dc27747a"
"ResponseCode","ResponseCode_12","True","e48b108a-c6f5-4912-9a54-c4d4b73682d6"
"ResponseCode","ResponseCode_13","True","5137b355-9d4d-4701-98db-5fbcd107cbc9"
"ResponseCode","ResponseCode_14","True","2e4469f0-58ea-4587-9b32-5d3f70765ac3"
"ResponseCode","ResponseCode_15","True","14741992-bf2f-40fe-8308-d52226e38a08"
"ResponseCode","ResponseCode_16","True","8f1ac22b-b20c-4926-a62e-52d3e945adea"
"ResponseCode","ResponseCode_17","True","0e47a57f-7bbf-4327-85ac-1aef1a25214b"
"ResponseCode","ResponseCode_18","True","7cc5a5cb-8b69-4857-8108-25f4c0b00fa7"
"ResponseCode","ResponseCode_19","True","d94942ba-2ff6-468d-8c49-bc2bab61dc44"
"ResponseCode","ResponseCode_20","True","8231406d-ba63-4756-b387-72abf5e7aa3b"
"ResponseCode","ResponseCode_21","True","309f944e-1105-4e55-9c38-02b19047b0f1"
"ResponseCode","ResponseCode_22","True","81a2eea9-4c75-445e-9991-2f25c5e61524"
"ResponseCode","ResponseCode_23","True","0d98f886-6c6f-4027-8c59-0619d2fa3a15"
"ResponseCode","ResponseCode_24","True","3ae05d14-db9c-41c4-ba8b-24ef16d9d64b"
"ResponseCode","ResponseCode_25","True","2e2c4a33-4734-45c0-a7d5-8f54622a562d"
"ResponseCode","ResponseCode_26","True","18fb37e9-8bd5-493f-a502-b641b340eedf"
"ResponseCode","ResponseCode_27","True","14ec868e-f12b-42dc-8770-58a39be92f55"
"ResponseCode","ResponseCode_28","True","3de059d0-a864-4cec-8185-1caba8b19434"
"ResponseCode","ResponseCode_29","True","a8c13273-beb6-4b96-9725-8e7c2ee3ebea"
"ResponseCode","ResponseCode_30","True","49338c64-9e81-4407-a8ff-bf167a63d27a"
"ResponseCode","ResponseCode_31","True","a4d9fb33-f02c-486f-bf85-0f9e32719a3d"
"ResponseCode","ResponseCode_32","True","29e1e97e-5b26-43a9-9768-22fc99345692"
"ResponseCode","ResponseCode_33","True","1f7a2813-3ddb-42b2-8b3f-3e112cdc6c04"
"ResponseCode","ResponseCode_34","True","bb529cda-2714-462d-b658-659653644199"
"ResponseCode","ResponseCode_35","True","ab033dd2-267e-48ce-b476-34c45900fce2"
"ResponseCode","ResponseCode_36","True","2dffb00c-9cc0-45f6-8519-af9bedd022d9"
"ResponseCode","ResponseCode_37","True","e03a99c8-8e06-4f08-bacb-b8546e8fc3d4"
"ResponseCode","ResponseCode_38","True","1bce05dd-c4e6-4380-92af-42dde1b5bcea"
"ResponseCode","ResponseCode_39","True","08480fc5-996f-4810-9562-bdfa75ebf5dd"
"ResponseCode","ResponseCode_40","True","1e191192-3f45-460a-ae02-51a4d7e67295"
"ResponseCode","ResponseCode_41","True","ef050b1e-2ec8-4367-bac7-5390b5d46385"
"ResponseCode","ResponseCode_42","True","cea36c77-7fcd-427a-bfb4-bd147742384a"
"ResponseCode","ResponseCode_43","True","76efd5f1-8904-4e51-823a-d47a4ce15f40"
"ResponseCode","ResponseCode_44","True","4beb69e1-987c-4a37-8fbb-11da9e52fd11"
"ResponseCode","ResponseCode_45","True","8e5789ab-e597-45ee-92af-3b0c2bf9da5a"
"ResponseCode","ResponseCode_46","True","2d7ea4fd-e4e7-4caf-a152-4ffde8b643ac"
"ResponseCode","ResponseCode_47","True","875eadc7-d6b9-49b5-9825-09e498add6c6"
"ResponseCode","ResponseCode_48","True","370aefa0-766b-4c9f-9c36-b19081bc3b80"
"ResponseCode","ResponseCode_49","True","72ceae6e-c065-44c2-bc34-d452843f809f"
"ResponseCode","ResponseCode_50","True","252a1d4b-b2f9-457f-b472-06197e43c402"
"ResponseCode","ResponseCode_51","True","d535b702-e809-40cb-bc58-c0a887244292"
"ResponseCode","ResponseCode_52","True","acf4d4d1-2bfc-45f7-bddd-0f92ab5a3156"
"ResponseCode","ResponseCode_53","True","a83dde60-c00e-45f7-9106-b741da1e875a"
"ResponseCode","ResponseCode_54","True","22dfab15-0c74-4475-95cb-6ff8ce1c3497"
"ResponseCode","ResponseCode_55","True","c0b1dc5a-4fcc-4077-a5b9-2d7a418d46eb"
"ResponseCode","ResponseCode_56","True","bff169d8-d8e6-4f94-a776-8f82c225c509"
"ResponseCode","ResponseCode_57","True","b7b28a7b-c47b-4f00-b501-381332c79b7f"
"ResponseCode","ResponseCode_58","True","4e457653-14aa-4e2d-b1a4-b3387199cf2c"
"ResponseCode","ResponseCode_59","True","eb43e540-aac5-492a-8b96-26059175a1ad"
"ResponseCode","ResponseCode_60","True","0bf55d04-3f6e-4507-a364-88f295703661"
"ResponseCode","ResponseCode_61","True","c820e983-293b-4b5c-b6e3-d4f025ff74d7"
"ResponseCode","ResponseCode_62","True","a7e41ca1-d84c-41e9-8b91-55716988bf05"
"ResponseCode","ResponseCode_63","True","a782e6ec-a1f0-484f-a217-c93c05fae147"
"ResponseCode","ResponseCode_64","True","eb8c2007-c0c4-474a-9e1d-34fdb351dae8"
"ResponseCode","ResponseCode_65","True","83de55be-aa80-41a1-9288-5899a239a760"
"ResponseCode","ResponseCode_66","True","858b7f6c-f0d5-49c2-8e26-cb733a7caf0d"
"ResponseCode","ResponseCode_67","True","9cf5e0e6-e35f-4616-85e7-86dab3217651"
"ResponseCode","ResponseCode_68","True","77dfa568-05fa-427e-8815-6491c4cec702"
"ResponseCode","ResponseCode_69","True","61db94aa-d440-4be4-98e5-58f351df17c8"
"ResponseCode","ResponseCode_70","True","bbf24369-4bb5-4a57-93de-fda8f0bc2d3c"
"ResponseCode","ResponseCode_71","True","422b2871-c818-4ac8-9b27-7ea35e75976f"
"ResponseCode","ResponseCode_72","True","ca0c424b-41c1-4e0e-802c-c3d802136bb8"
"ResponseCode","ResponseCode_73","True","9e414735-844b-4e37-8fee-a2c5171f85a5"
"ResponseCode","ResponseCode_74","True","fa8b2cf5-f846-4a36-8346-995163e16028"
"ResponseCode","ResponseCode_75","True","009e9c1d-3f4d-43f4-a59a-353ebf93c901"
"ResponseCode","ResponseCode_76","True","d740d925-3302-41b0-8aaf-5758c8d48915"
"ResponseCode","ResponseCode_77","True","b1477ae1-accd-4409-a70b-eb513276c92b"
"ResponseCode","ResponseCode_78","True","47c68832-decb-4c05-a51f-5e15078a7c54"
"ResponseCode","ResponseCode_79","True","afa7e0bc-110e-4d0b-8fa3-e6c288b64565"
"ResponseCode","ResponseCode_80","True","7c864b54-308c-460b-8021-6278636a4e99"
"ResponseCode","ResponseCode_81","True","9cd64385-aa55-40b9-8e05-7959f397905b"
"ResponseCode","ResponseCode_82","True","021f3ed2-1a56-45d8-9ab1-2a9fb34bcb65"
"ResponseCode","ResponseCode_83","True","499fb114-7fb6-4379-8123-448f95e701fa"
"ResponseCode","ResponseCode_84","True","2d06824c-0f2f-4153-ab87-51234e5bf78d"
"ResponseCode","ResponseCode_85","True","90b50c57-d912-4e5e-a8a4-9cf84ede39f4"
"ResponseCode","ResponseCode_86","True","74ccdfe9-d388-4488-b4c7-dfbcc366b3b2"
"ResponseCode","ResponseCode_87","True","bdc52b39-deb4-4210-96af-60a3db04d340"
"ResponseCode","ResponseCode_88","True","e438704d-dc61-4e2c-bc3b-98daff8bf633"
"ResponseCode","ResponseCode_89","True","c190be2d-dd3a-402c-8bc0-6188fe712e77"
"ResponseCode","ResponseCode_90","True","78e41119-4d76-459c-96bf-8a239f064237"
"ResponseCode","ResponseCode_91","True","7fa5875a-ffbd-467a-9002-29d311c6a07e"
"ResponseCode","ResponseCode_92","True","16af786a-7094-4aff-9bfa-317009fd85ea"
"ResponseCode","ResponseCode_93","True","67d07d87-ef07-4fb6-a374-77cbc3ae744e"
"ResponseCode","ResponseCode_94","True","c845f2d6-4e4c-48ab-8cf2-7c1ec9038cf7"
"ResponseCode","ResponseCode_95","True","4e53652b-4302-488d-b37e-d2c9afc803b8"
"ResponseCode","ResponseCode_96","True","42a6c195-b7d8-446f-b12a-0767539e7e9f"
"ResponseCode","ResponseCode_97","True","6441d6b7-afdf-463d-8513-9dd870605708"
"ResponseCode","ResponseCode_98","True","efb72e29-e6d5-4805-aa6c-0b59907a3cd7"
"ResponseCode","ResponseCode_99","True","3d7c45d3-dac0-4cea-9dea-ab1270c2e916"
"ResponseCode","ResponseCode_100","True","3eeda449-ce57-41bd-abb6-6ead2d9c6efa"
"ResponseCode","ResponseCode_101","True","a30ca3c5-0d5f-4bd8-bdc2-68b7f5afdb7a"
"ResponseCode","ResponseCode_102","True","6a5ba239-177d-4e2f-8d17-d6033e5a1c3c"
"ResponseCode","ResponseCode_103","True","0148d4f1-2878-4f21-8313-346f1dd406e2"
"ResponseCode","ResponseCode_104","True","142d3c84-7f22-4829-92e9-f95a08224a35"
"ResponseCode","ResponseCode_105","True","69999154-dd77-4a6a-8122-cae67abc38b2"
"ResponseCode","ResponseCode_106","True","77be506a-7fc2-4b81-9db6-47c79e1e9997"
"ResponseCode","ResponseCode_107","True","9e77bc78-9d89-4f36-bdf2-f4499b00b051"
"ResponseCode","ResponseCode_108","True","96263d8e-e904-458e-9d10-8dd4e16c1e50"
"ResponseCode","ResponseCode_109","True","68e59fc6-e72f-4c1d-8b5b-ba00034103ac"
"ResponseCode","ResponseCode_110","True","32d6943c-a3b6-4cda-99e8-273f4ca41194"
"ResponseCode","ResponseCode_111","True","f8156acb-db7e-4c6d-882d-b7b18162d929"
"ResponseCode","ResponseCode_112","True","4e92ca70-7ad7-46e4-9002-1e2322893945"
"ResponseCode","ResponseCode_113","True","c9d8a867-5b5d-4b64-bd4c-826e26720298"
"ResponseCode","ResponseCode_114","True","b6d5a145-b35a-4177-9bcc-11f991d064c5"
"ResponseCode","ResponseCode_115","True","34a6f64f-b8cf-4432-a6a0-2f00e9878242"
"ResponseCode","ResponseCode_116","True","8103cad9-6eca-4e42-b903-870c3e1430a0"
"ResponseCode","ResponseCode_117","True","b0e6cf25-c8b5-4420-bc30-6f8471ba991d"
"ResponseCode","ResponseCode_118","True","13d7427d-4e2d-48c8-b89e-cd0b1cbd6a18"
"ResponseCode","ResponseCode_119","True","189f5a28-334e-4d21-92c7-f829c8f55aa0"
"ResponseCode","ResponseCode_120","True","893e6c33-fa1c-4a1e-896c-0db8d18a67ba"
"ResponseCode","ResponseCode_121","True","83478510-c0e2-43c3-81b3-1fd8fb7454c9"
"ResponseCode","ResponseCode_122","True","459373cb-f11c-4880-9f32-01e549dcd479"
"ResponseCode","ResponseCode_123","True","bd287547-ae76-4f86-8f9a-c453b70061db"
"ResponseCode","ResponseCode_124","True","8110d0db-3429-4e8b-9e66-80f6d331878a"
"ResponseCode","ResponseCode_125","True","ececac34-7885-43a6-8f10-95917c1bce76"
"ResponseCode","ResponseCode_126","True","dd23e66a-1519-478d-855e-07a7f5cf3d45"
"ResponseCode","ResponseCode_127","True","7b442a69-96a4-46ed-b964-a0a816232285"
"ResponseCode","ResponseCode_128","True","1d0a223d-3f32-45b1-a08e-ad101494b180"
"ResponseCode","ResponseCode_129","True","d42bd2db-a488-49e7-a13e-2a56bd4e802a"
"ResponseCode","ResponseCode_130","True","604b3a13-d19b-48e5-9ef9-be9c4c405d0f"
"ResponseCode","ResponseCode_131","True","bbea7791-7fa8-4f2f-a3e4-1d1e8d92bf91"
"ResponseCode","ResponseCode_132","True","dc02367a-82ef-42df-b99a-978e47072afd"
"ResponseCode","ResponseCode_133","True","1f01c08b-71bb-47e7-b495-c9c22cc65f69"
"ResponseCode","ResponseCode_134","True","0509e607-263e-45a9-8a43-f28b978461b2"
"ResponseCode","ResponseCode_135","True","fad449b1-7b9a-40c5-a2e1-634bfd9b3764"
"ResponseCode","ResponseCode_136","True","8786cf1f-d0e1-43ae-8c4e-24b96276ac0a"
"ResponseCode","ResponseCode_137","True","813775f8-69b1-445b-8f17-4e9475f08970"
"ResponseCode","ResponseCode_138","True","f0281b9d-ad2b-4e5c-9aeb-84f03cc73ea2"
"ResponseCode","ResponseCode_139","True","a9d0168e-aa5a-46b1-afc7-817ded7072cc"
"ResponseCode","ResponseCode_140","True","d10c9149-e0d4-42e3-9043-888862896fe1"
"ResponseCode","ResponseCode_141","True","2827de63-cd4b-47cb-bc1e-9e97e564f26a"
"ResponseCode","ResponseCode_142","True","794f6114-7cbd-4883-a9dd-fbac9b238fee"
"ResponseCode","ResponseCode_143","True","f0b42946-03cc-4c8c-a507-9cd04e2fcdbf"
"ResponseCode","ResponseCode_144","True","40d621dc-6409-4e44-a1a2-7e0a4abac291"
"ResponseCode","ResponseCode_145","True","9fa4896b-dc40-4f7f-929b-c5bdaa0f4332"
"ResponseCode","ResponseCode_146","True","fac5a688-57fa-4163-9337-48e8501eb6f9"
"ResponseCode","ResponseCode_147","True","b6d9da70-ff25-4f3f-b550-41d4a0f7120b"
"ResponseCode","ResponseCode_148","True","e4b87449-a5ff-4f45-87c0-c287264a89a7"
"ResponseCode","ResponseCode_149","True","34de82b1-6ec0-4d20-86db-c4d6815d00b9"
"ResponseCode","ResponseCode_150","True","bb4bc4e9-1d11-41b4-872a-2390312ecbb5"
