"codeSystemVersion","code","instanceType","codeSystem","uuid:ID","id","decode"
"2023-12-15","C98388","Code","http://www.cdisc.org","901bb6ab-1219-449c-b4a7-32aa6f60db3b","Code_1","Interventional Study"
"2023-12-15","C15601","Code","http://www.cdisc.org","4957234f-99cf-4d14-a85a-d961c55c566c","Code_2","Phase II Trial"
"2023-12-15","C132352","Code","http://www.cdisc.org","d1e2b92a-5ff2-47d0-8b69-0ccb2ae558ca","Code_9","Sponsor Approval Date"
"2023-12-15","C68846","Code","http://www.cdisc.org","31fa137d-1a26-442c-9d2b-1532ee8347c6","Code_10","Global"
"2023-12-15","C99904x3","Code","http://www.cdisc.org","adc27433-706a-4434-ace5-5a386e0fd921","Code_72","IRB/IEC Feedback"
"2023-12-15","C17649","Code","http://www.cdisc.org","f80b2801-7229-4c84-afc1-63ca39fc5850","Code_73","Other"
"2023-12-15","C41129","Code","http://www.cdisc.org","1f71f789-8f1f-4249-8889-ef44c547bc52","Code_75","Region"
"2020-08","150","Code","ISO 3166 1 alpha3","8aa511c5-fd78-4b60-9a84-feb91a89f105","Code_74","Europe"
"12","PHARMA","Code","SPONSOR","9d2f8874-de31-4853-addb-e0d98e953667","Code_4","Eli Lilly"
"2023-12-15","C70793","Code","http://www.cdisc.org","136cf3ce-51f0-4061-af6f-a3513b06128d","Code_76","Clinical Study Sponsor"
"2020-08","USA","Code","ISO 3166 1 alpha3","81f5eafa-d19b-4e59-abd3-644161be0973","Code_77","United States of America"
"2023-12-15","C93453","Code","http://www.cdisc.org","0df05539-f27a-4d3d-a3b6-c9ee02e6adf4","Code_78","Study Registry"
"2020-08","USA","Code","ISO 3166 1 alpha3","a3eff861-f86a-4892-b751-0d3a466784ab","Code_79","United States of America"
"2023-12-15","C49656","Code","http://www.cdisc.org","70c49bfb-1765-41a5-b658-3cb6ee1fe341","Code_137","Treatment Study"
"2023-12-15","C49666","Code","http://www.cdisc.org","d1e0259e-4e16-4d23-9299-e16108baeafa","Code_138","Efficacy Study"
"2023-12-15","C49667","Code","http://www.cdisc.org","fe8a5fc7-0347-4ead-abc2-0e1256fb3967","Code_139","Safety Study"
"2023-12-15","C49663","Code","http://www.cdisc.org","bce9936d-eb94-4ee4-bc99-1ae5f0404e93","Code_140","Pharmacokinetic Study"
"12","MILD_MOD_ALZ","Code","SPONSOR","b02f5192-83cd-4344-83f5-0fd9b3c15a2f","Code_134","Mild to Moderate Alzheimer's Disease"
"January 31, 2018","26929004","Code","SNOMED","22630868-2970-4c4d-80d7-e8d46fd8d368","Code_135","Alzheimer's disease"
"2023-12-15","C99907x1","Code","http://www.cdisc.org","b4c73ce2-0fc1-45f2-a1f4-b349347c0473","Code_143","EXTENSION"
"2023-12-15","C98704","Code","http://www.cdisc.org","7004dcb0-fb74-42f2-a070-8d40f7204fbc","Code_144","ADAPTIVE"
"2023-12-15","C82639","Code","http://www.cdisc.org","1e7286d3-1b59-44af-86dc-3a5cca93ca42","Code_141","Parallel Study"
"2023-12-15","C25716","Code","http://www.cdisc.org","8a2e84fc-d517-43f4-a5d2-9e1b233bb03d","Code_83","Visit"
"2023-12-15","C51282","Code","http://www.cdisc.org","a7a9958a-c9e0-434b-b9b3-1973016478fa","Code_84","Clinic"
"2023-12-15","C175574","Code","http://www.cdisc.org","2ed888be-e515-4fb6-b9f9-54fa254a4317","Code_85","In Person"
"2023-12-15","C25716","Code","http://www.cdisc.org","d856cf8d-9f77-4d64-b533-4db622fc54f5","Code_86","Visit"
"2023-12-15","C51282","Code","http://www.cdisc.org","43635ebb-3808-47fe-bdae-4a00dca89a24","Code_87","Clinic"
"2023-12-15","C175574","Code","http://www.cdisc.org","e9eb97a4-c0bd-4c6b-a0a8-ff46b15f58d3","Code_88","In Person"
"2023-12-15","C25716","Code","http://www.cdisc.org","4ccbcc47-8f04-4e14-b5fb-e077ef362108","Code_89","Visit"
"2023-12-15","C51282","Code","http://www.cdisc.org","3ca7a6f8-7d1a-46ae-a30c-82a2ccf43bad","Code_90","Clinic"
"2023-12-15","C175574","Code","http://www.cdisc.org","40825eca-0af6-405b-9f69-acaf0d06e07d","Code_91","In Person"
"2023-12-15","C25716","Code","http://www.cdisc.org","50615809-224d-4353-8cef-1c90d282ab03","Code_92","Visit"
"2023-12-15","C51282","Code","http://www.cdisc.org","94524a86-0811-412c-bc7b-52c90057a5bb","Code_93","Clinic"
"2023-12-15","C175574","Code","http://www.cdisc.org","c11aa1a7-d0c2-444d-bf52-53e37200b319","Code_94","In Person"
"2023-12-15","C25716","Code","http://www.cdisc.org","50642cf9-9492-446d-90c7-5195046632ec","Code_95","Visit"
"2023-12-15","C51282","Code","http://www.cdisc.org","222c65a4-c245-4440-a523-32de050f58a6","Code_96","Clinic"
"2023-12-15","C175574","Code","http://www.cdisc.org","b3199324-ef38-43f7-b12a-02365d544b21","Code_97","In Person"
"2023-12-15","C25716","Code","http://www.cdisc.org","16dc88bc-c583-43ed-8335-42e2f36ffd33","Code_98","Visit"
"2023-12-15","C51282","Code","http://www.cdisc.org","9e6200b3-7283-403e-8418-edadb90d34b3","Code_99","Clinic"
"2023-12-15","C175574","Code","http://www.cdisc.org","5c3ee349-4380-436a-8972-0bfc796cb34a","Code_100","In Person"
"2023-12-15","C25716","Code","http://www.cdisc.org","f6d9f3aa-e127-49c4-a0bf-ac92fe83ce3c","Code_101","Visit"
"2023-12-15","C51282","Code","http://www.cdisc.org","758bad44-5b57-4595-8ae4-549a37d09a8a","Code_102","Clinic"
"2023-12-15","C175574","Code","http://www.cdisc.org","4ee53335-5628-408d-8c0b-6234c656ac36","Code_103","In Person"
"2023-12-15","C171537","Code","http://www.cdisc.org","b61d2525-0600-4d2f-b1d4-1e76197f9dc8","Code_104","Telephone Call"
"2023-12-15","C25716","Code","http://www.cdisc.org","ffd64e0d-dd88-4feb-86bc-e238a9cd6b99","Code_105","Visit"
"2023-12-15","C51282","Code","http://www.cdisc.org","c84e0c6f-9637-4436-a202-792cf781a14d","Code_106","Clinic"
"2023-12-15","C175574","Code","http://www.cdisc.org","b71d24a9-b3de-46eb-bacf-a1b0306f2c4f","Code_107","In Person"
"2023-12-15","C171537","Code","http://www.cdisc.org","038ac4b0-ba4c-4938-a33d-68ab606df0aa","Code_108","Telephone Call"
"2023-12-15","C25716","Code","http://www.cdisc.org","6799ee70-7929-490b-9d04-6530cc4f11f0","Code_109","Visit"
"2023-12-15","C51282","Code","http://www.cdisc.org","8aad45d6-6bc2-4fcc-976d-f6c24a4becc4","Code_110","Clinic"
"2023-12-15","C175574","Code","http://www.cdisc.org","597e5123-5e99-4d2f-acb0-f86e3a7dcb7d","Code_111","In Person"
"2023-12-15","C171537","Code","http://www.cdisc.org","478a61b9-8964-4854-8d5a-80764c00395a","Code_112","Telephone Call"
"2023-12-15","C25716","Code","http://www.cdisc.org","1a65cf7a-a243-4ca0-85d7-92f037886ae9","Code_113","Visit"
"2023-12-15","C51282","Code","http://www.cdisc.org","dfe2a075-c729-40fa-8380-3f96b8314da3","Code_114","Clinic"
"2023-12-15","C175574","Code","http://www.cdisc.org","0854c1d6-2590-4ec8-9b15-0c843070f01f","Code_115","In Person"
"2023-12-15","C171537","Code","http://www.cdisc.org","5fea6c89-c292-4310-bd25-e8c4562a59ac","Code_116","Telephone Call"
"2023-12-15","C25716","Code","http://www.cdisc.org","f5fa91a1-7df1-45d0-bdee-74d4f6fc9673","Code_117","Visit"
"2023-12-15","C51282","Code","http://www.cdisc.org","966f1ae2-4d2e-462f-9205-853e71c86042","Code_118","Clinic"
"2023-12-15","C175574","Code","http://www.cdisc.org","52097bc5-20aa-4972-a492-e80a6e298ca8","Code_119","In Person"
"2023-12-15","C25716","Code","http://www.cdisc.org","f3b63581-505d-43f1-981b-a55b600564de","Code_120","Visit"
"2023-12-15","C51282","Code","http://www.cdisc.org","53224974-6a07-4efd-843a-49f09722a7d1","Code_121","Clinic"
"2023-12-15","C175574","Code","http://www.cdisc.org","e9dbfd29-25d6-41cc-9748-3ec6559f8520","Code_122","In Person"
"January 31, 2018","383371000119108","Code","SNOMED","251cd1e6-5a5b-4f1d-b0aa-36a67fc88bed","Code_80","CT of head without contrast"
"12","123","Code","SPONSOR","94112b40-0e11-4b51-ba3c-bae6ed640c45","Code_81","Subject Supine"
"12","124","Code","SPONSOR","d2a73262-0eb7-4206-ab26-bc91faf7dbd7","Code_82","Subject Standing"
"2023-12-15","C82977","Code","http://www.cdisc.org","64758087-e126-49ac-9fee-1ef417f80896","Code_429","Dictionary-derived Term"
"2023-12-15","C82571","Code","http://www.cdisc.org","34c4eca1-b95b-4af3-b34e-49b87071eac1","Code_430","Reported Event Term"
"2023-12-15","C82517","Code","http://www.cdisc.org","e6c3bff6-6bda-49bb-bf2b-abd89dc69d77","Code_431","Observation Start Date Time"
"2023-12-15","C16735","Code","http://www.cdisc.org","9f632046-2c1a-4a63-bf38-63b18dc345c3","Code_432","Informed Consent"
"2023-12-15","C20197","Code","http://www.cdisc.org","e7d805be-874b-4e2e-9287-2cad07fc155b","Code_433","Male"
"2023-12-15","C16576","Code","http://www.cdisc.org","389e5ca6-b2b0-4937-8918-986e44038802","Code_434","Female"
"2023-12-15","C28421","Code","http://www.cdisc.org","227be3b5-d09e-4c01-97dd-3f21114198f4","Code_435","Sex"
"2023-12-15","C28421","Code","http://www.cdisc.org","62ed1ca7-daa9-4509-8ac2-3915e2136766","Code_436","Sex"
"2023-12-15","C17049","Code","http://www.cdisc.org","e6174068-67c7-40c0-a9c3-7963cbec2b75","Code_437","Race"
"2023-12-15","C17049","Code","http://www.cdisc.org","db9a6538-e87e-45cb-aa01-0721316cddab","Code_438","Race"
"2023-12-15","C174446","Code","http://www.cdisc.org","fc0d0f63-6523-43bd-b2b0-33dcc8e7447c","Code_439","TEMP"
"2023-12-15","C77140","Code","http://www.cdisc.org","8ce725aa-d547-42c5-9a56-105c2f4559a4","Code_440","Clinical Test Result"
"2023-12-15","C42559","Code","http://www.cdisc.org","e524a9c8-12df-4083-a14a-01ab03fbc435","Code_441","Degree Celsius"
"2023-12-15","C44277","Code","http://www.cdisc.org","e4c549f4-6e83-4e05-bd1b-e5b3e9513132","Code_442","Degree Fahrenheit"
"2023-12-15","C42537","Code","http://www.cdisc.org","918f3358-6a2e-4968-bbe9-d109bdb88aa6","Code_443","Kelvin"
"2023-12-15","C44276","Code","http://www.cdisc.org","3a8d6b10-dcbf-496e-b477-d32588084c9e","Code_444","Unit of Temperature"
"2023-12-15","C12674","Code","http://www.cdisc.org","8b59639f-c53c-4f20-b26a-cf4d0022e2f4","Code_445","Axilla"
"2023-12-15","C12394","Code","http://www.cdisc.org","2760685d-5899-42ce-bbe5-2aa66afc1ff0","Code_446","Ear"
"2023-12-15","C89803","Code","http://www.cdisc.org","67fe4d86-a91a-4407-a232-f5bb43e17616","Code_447","Forehead"
"2023-12-15","C12421","Code","http://www.cdisc.org","7426eb5a-22af-4168-bee1-a2bc0ce61549","Code_448","Oral Cavity"
"2023-12-15","C12390","Code","http://www.cdisc.org","b63de55e-a425-4b9c-8840-9f29e06a15da","Code_449","Rectum"
"2023-12-15","C13717","Code","http://www.cdisc.org","f5b9babe-260d-4ba7-be79-c17e7b586016","Code_450","Anatomic Site"
"2023-12-15","C174446","Code","http://www.cdisc.org","de81ddfd-f570-416f-9a53-b60bf36f9241","Code_451","TEMP"
"2023-12-15","C25208","Code","http://www.cdisc.org","bfe1664e-1634-410f-a25a-41e8cdbd0312","Code_452","WEIGHT"
"2023-12-15","C77140","Code","http://www.cdisc.org","0132badf-187b-45e4-b3d6-582c67f3e404","Code_453","Clinical Test Result"
"2023-12-15","C48531","Code","http://www.cdisc.org","2a68e249-0dfc-4fff-a5d8-0c8ff479cb4d","Code_454","Pound"
"2023-12-15","C48155","Code","http://www.cdisc.org","9f13988e-e622-4843-a810-c0c534ad7222","Code_455","Gram"
"2023-12-15","C28252","Code","http://www.cdisc.org","94fe8889-8e66-4a39-9b0a-f2e1ae8d763d","Code_456","Kilogram"
"2023-12-15","C48208","Code","http://www.cdisc.org","13c6dfd0-9fc7-4b33-a74b-07500f2a8aca","Code_457","Unit of Weight"
"2023-12-15","C25208","Code","http://www.cdisc.org","8062f7e3-ea48-431a-985a-ab311a11f60f","Code_458","WEIGHT"
"2023-12-15","C25347","Code","http://www.cdisc.org","d56e7ec2-03a2-4303-b705-339a7e55665b","Code_459","HEIGHT"
"2023-12-15","C77140","Code","http://www.cdisc.org","9c2993ba-9502-4990-8e47-9155820098a4","Code_460","Clinical Test Result"
"2023-12-15","C49668","Code","http://www.cdisc.org","c7c1c257-beab-4967-8b38-ab2d374e25c8","Code_461","Centimeter"
"2023-12-15","C48500","Code","http://www.cdisc.org","f4a4651b-d800-4b3f-beb5-13e806692376","Code_462","Inch"
"2023-12-15","C41139","Code","http://www.cdisc.org","82c7b6c6-49eb-4d82-8342-250f3e75cd14","Code_463","Meter"
"2023-12-15","C168688","Code","http://www.cdisc.org","fd00d491-bf6e-4938-9b7b-2a0796e119ec","Code_464","Unit of Height"
"2023-12-15","C25347","Code","http://www.cdisc.org","7754bcaa-b9f0-454e-b47e-d2109e54131d","Code_465","HEIGHT"
"2023-12-15","C64433","Code","http://www.cdisc.org","852aeaf7-a20d-40dc-b5b8-cde1f89d1c30","Code_466","ALT"
"2023-12-15","C36292","Code","http://www.cdisc.org","0fcbb07b-cf3b-470d-a726-66e6cca2bc08","Code_467","Laboratory Test Result"
"2023-12-15","C67456","Code","http://www.cdisc.org","c0367e2e-d99e-4852-afb9-dc69cdb5d784","Code_468","Unit per Liter"
"2023-12-15","C67397","Code","http://www.cdisc.org","9a3d87b0-ece4-47c6-ac9f-4d18921b4dcc","Code_469","Microkatal per Liter"
"2023-12-15","C67376","Code","http://www.cdisc.org","ae4aafc7-251d-48d9-9ab3-5343d90579a3","Code_470","International Unit per Liter"
"2023-12-15","C70510","Code","http://www.cdisc.org","72ab572b-1a76-4f42-83c0-0a5c5971be7b","Code_471","Nanokatal per Liter"
"2023-12-15","C67365","Code","http://www.cdisc.org","4ee59b70-0f35-42fe-bc02-8cabe8bdde91","Code_472","Unit of Catalytic Activity Concentration"
"2023-12-15","C70713","Code","http://www.cdisc.org","19994d84-a67d-41bd-891e-8d3b1e111bcc","Code_473","Biospecimen Type"
"2023-12-15","C49487","Code","http://www.cdisc.org","d593cbca-9808-4c87-a791-6170ad27a32f","Code_474","No"
"2023-12-15","C49488","Code","http://www.cdisc.org","0530ae4d-14fb-4d17-8725-6713417446ee","Code_475","Yes"
"2023-12-15","C83309","Code","http://www.cdisc.org","b45f644c-0de2-411b-a7b7-9118313b8318","Code_476","Laboratory Test Fasting Status"
"2023-12-15","C64433","Code","http://www.cdisc.org","88411b2b-c63c-48a4-95d4-c557c92bd3f6","Code_477","ALT"
"2023-12-15","C64431","Code","http://www.cdisc.org","50484102-1b60-4e23-b126-5b67e437a475","Code_478","ALB"
"2023-12-15","C36292","Code","http://www.cdisc.org","d5bb3795-645b-4074-87ee-701950607785","Code_479","Laboratory Test Result"
"2023-12-15","C70713","Code","http://www.cdisc.org","9b25eb5a-c385-4193-82fe-382f0ce2c817","Code_480","Biospecimen Type"
"2023-12-15","C49487","Code","http://www.cdisc.org","80996d8c-235e-4e30-aec1-b563833ddbaf","Code_481","No"
"2023-12-15","C49488","Code","http://www.cdisc.org","819a6708-290c-4cbd-abfc-d5575726f5af","Code_482","Yes"
"2023-12-15","C83309","Code","http://www.cdisc.org","f3f588f9-be74-4dc9-80c0-a6e15bb8d52e","Code_483","Laboratory Test Fasting Status"
"2023-12-15","C64431","Code","http://www.cdisc.org","2c983899-2d1e-405f-9455-703c56efa217","Code_484","ALB"
"2023-12-15","C64432","Code","http://www.cdisc.org","306af776-9c36-44d7-a02b-c461a9ce115f","Code_485","ALP"
"2023-12-15","C36292","Code","http://www.cdisc.org","f2aff4b9-65cf-4fd3-ad79-db37dd258bae","Code_486","Laboratory Test Result"
"2023-12-15","C67456","Code","http://www.cdisc.org","f2dec06b-9e35-4cb8-8269-7926c528350c","Code_487","Unit per Liter"
"2023-12-15","C67397","Code","http://www.cdisc.org","d0a9201e-bd6e-4ba0-a603-c69ca3f86847","Code_488","Microkatal per Liter"
"2023-12-15","C67376","Code","http://www.cdisc.org","1f44459b-e269-451a-b0e6-7228f0c4df7b","Code_489","International Unit per Liter"
"2023-12-15","C67365","Code","http://www.cdisc.org","fe811a82-5e59-4c87-b2c3-4ea9ea5bbcd7","Code_490","Unit of Catalytic Activity Concentration"
"2023-12-15","C70713","Code","http://www.cdisc.org","19d7d233-640d-4228-ae84-54593683dc9f","Code_491","Biospecimen Type"
"2023-12-15","C49487","Code","http://www.cdisc.org","f5194bda-08b4-4fd2-83b1-31541e0aad28","Code_492","No"
"2023-12-15","C49488","Code","http://www.cdisc.org","32f9102a-bf7e-4e24-a1ec-a776185c1e2a","Code_493","Yes"
"2023-12-15","C83309","Code","http://www.cdisc.org","75122b6b-b4b9-4bbd-b001-f5aa56f5d22e","Code_494","Laboratory Test Fasting Status"
"2023-12-15","C64432","Code","http://www.cdisc.org","b2331e31-b3d5-4035-8c1d-d03d80840038","Code_495","ALP"
"2023-12-15","C64467","Code","http://www.cdisc.org","8d237d9e-4010-40b7-994d-3da0df0eb9e1","Code_496","AST"
"2023-12-15","C36292","Code","http://www.cdisc.org","2a0f6748-2ad5-4f4e-8d74-ed5698983407","Code_497","Laboratory Test Result"
"2023-12-15","C67456","Code","http://www.cdisc.org","8f36c78f-89d9-4c2d-bf63-aa876fcd583d","Code_498","Unit per Liter"
"2023-12-15","C67397","Code","http://www.cdisc.org","ab7cce6f-14c4-4b47-9f8e-1b89e062db0c","Code_499","Microkatal per Liter"
"2023-12-15","C67376","Code","http://www.cdisc.org","10608fea-ef28-4d02-94c9-b5a0b7bcc50c","Code_500","International Unit per Liter"
"2023-12-15","C67365","Code","http://www.cdisc.org","c442835c-a88f-43a5-ba62-70f59240088a","Code_501","Unit of Catalytic Activity Concentration"
"2023-12-15","C70713","Code","http://www.cdisc.org","79cdbc66-84f7-407c-a5ab-75d659003164","Code_502","Biospecimen Type"
"2023-12-15","C49487","Code","http://www.cdisc.org","99c10fd4-5b1e-4879-aede-2713e9cf98e1","Code_503","No"
"2023-12-15","C49488","Code","http://www.cdisc.org","cc3b4527-7d65-46d8-972a-dce7d62a6fc9","Code_504","Yes"
"2023-12-15","C83309","Code","http://www.cdisc.org","023d2c02-5743-47a1-bd20-ea30a75abcb9","Code_505","Laboratory Test Fasting Status"
"2023-12-15","C64467","Code","http://www.cdisc.org","87c80d4b-108c-4b24-bab7-f3c44534c7f8","Code_506","AST"
"2023-12-15","C64547","Code","http://www.cdisc.org","9b353371-096e-44f6-baa9-ab1c341f9fb4","Code_507","CREAT"
"2023-12-15","C36292","Code","http://www.cdisc.org","b6a9f818-4312-4348-9a7a-15ee8560e927","Code_508","Laboratory Test Result"
"2023-12-15","C67015","Code","http://www.cdisc.org","73159a8c-5b44-4dd7-a298-fe7cca0ba1de","Code_509","Milligram per Deciliter"
"2023-12-15","C64572","Code","http://www.cdisc.org","658e29e8-8aca-43de-b928-9aa299916a3f","Code_510","Microgram per Milliliter"
"2023-12-15","C64387","Code","http://www.cdisc.org","5ded8d8d-016f-4c47-a3f5-859e0c2163bd","Code_511","Millimole per Liter"
"2023-12-15","C48508","Code","http://www.cdisc.org","d520eaab-f2f5-49ee-a97d-94a8296072ad","Code_512","Micromole per Liter"
"2023-12-15","C48207","Code","http://www.cdisc.org","5d326b36-8f07-4de1-b2ee-ab973ec556fc","Code_513","Unit of Concentration"
"2023-12-15","C70713","Code","http://www.cdisc.org","567d8dc7-2ff0-4569-8d8d-25b6a1e4b457","Code_514","Biospecimen Type"
"2023-12-15","C49487","Code","http://www.cdisc.org","f715acb5-724e-4503-ad2c-deae3850debb","Code_515","No"
"2023-12-15","C49488","Code","http://www.cdisc.org","ed83e217-9682-40a0-84e3-c9f3ae6c089e","Code_516","Yes"
"2023-12-15","C83309","Code","http://www.cdisc.org","915ce0f9-24fe-4469-b67b-97a7bc8d4471","Code_517","Laboratory Test Fasting Status"
"2023-12-15","C64547","Code","http://www.cdisc.org","271fe623-e88b-4021-8dd4-8b88246c6e01","Code_518","CREAT"
"2023-12-15","C64853","Code","http://www.cdisc.org","422e9f75-b852-41e8-8538-fa5d6fe15b76","Code_519","K"
"2023-12-15","C36292","Code","http://www.cdisc.org","fa24b4fa-3ebb-4888-9420-7aefaaba2f2e","Code_520","Laboratory Test Result"
"2023-12-15","C67474","Code","http://www.cdisc.org","ba670efc-c8b3-4f11-b543-7038ea87f23d","Code_521","Milliequivalent per Liter"
"2023-12-15","C67473","Code","http://www.cdisc.org","e0936964-8567-4dc3-9166-91defdc91606","Code_522","Milliequivalent per Deciliter"
"2023-12-15","C64387","Code","http://www.cdisc.org","8a45313b-a3ce-4442-a989-37c69103cea7","Code_523","Millimole per Liter"
"2023-12-15","C64567","Code","http://www.cdisc.org","15164a41-0ea2-4a4a-bdb0-3ee86a31055d","Code_524","Molarity Unit"
"2023-12-15","C70713","Code","http://www.cdisc.org","4b9558b5-1144-4c41-b48e-29fe13bb238b","Code_525","Biospecimen Type"
"2023-12-15","C49487","Code","http://www.cdisc.org","87d89353-f311-4e4d-a940-7caa4aac4a19","Code_526","No"
"2023-12-15","C49488","Code","http://www.cdisc.org","2353267c-cf51-40d2-9a8a-8314a4b9c06d","Code_527","Yes"
"2023-12-15","C83309","Code","http://www.cdisc.org","4a8344a0-1a04-460e-b11a-8261363bc5dc","Code_528","Laboratory Test Fasting Status"
"2023-12-15","C64853","Code","http://www.cdisc.org","1840eb8f-6a2e-4d84-b5a3-4cb5514f915b","Code_529","K"
"2023-12-15","C64809","Code","http://www.cdisc.org","cffbc668-8b92-44b6-8662-2310faa0a781","Code_530","SODIUM"
"2023-12-15","C36292","Code","http://www.cdisc.org","47b983d1-15bd-4ed8-8bf3-ff5b6c67f365","Code_531","Laboratory Test Result"
"2023-12-15","C67474","Code","http://www.cdisc.org","10a64118-3e6c-46f8-88b2-b030355786a2","Code_532","Milliequivalent per Liter"
"2023-12-15","C67473","Code","http://www.cdisc.org","44939a22-cffb-49ff-b4ac-35600c293080","Code_533","Milliequivalent per Deciliter"
"2023-12-15","C64387","Code","http://www.cdisc.org","17adf259-8e62-4bb8-a9a5-f4b2994c68c4","Code_534","Millimole per Liter"
"2023-12-15","C64567","Code","http://www.cdisc.org","f00d4f58-703f-4a19-b751-fbd646fb2684","Code_535","Molarity Unit"
"2023-12-15","C70713","Code","http://www.cdisc.org","76a7211c-04fa-4405-b576-4d2c6779661d","Code_536","Biospecimen Type"
"2023-12-15","C49487","Code","http://www.cdisc.org","9ae8c12c-59db-4ae9-aef1-731afe32b0fe","Code_537","No"
"2023-12-15","C49488","Code","http://www.cdisc.org","3daf12d0-b216-409a-b92e-3a09a2e8567c","Code_538","Yes"
"2023-12-15","C83309","Code","http://www.cdisc.org","f98e2f4b-75c6-4b7f-bf2d-5ee919d28939","Code_539","Laboratory Test Fasting Status"
"2023-12-15","C64809","Code","http://www.cdisc.org","dbc8837f-deed-42c7-bb3b-61379ba28f24","Code_540","SODIUM"
"2023-12-15","C64849","Code","http://www.cdisc.org","b32b8f68-fdf1-4902-9095-37b252829ce7","Code_541","HBA1C"
"2023-12-15","C36292","Code","http://www.cdisc.org","61ce195e-205d-445e-9d16-e3138cebf1b3","Code_542","Laboratory Test Result"
"2023-12-15","C64783","Code","http://www.cdisc.org","2f571b11-97d8-4057-9b39-c317add7315a","Code_543","Gram per Deciliter"
"2023-12-15","No Concept Code","Code","http://www.cdisc.org","7ea381f7-c046-4cb5-9ba5-d85926b7824e","Code_544","LBORRESU"
"2023-12-15","C70713","Code","http://www.cdisc.org","38a70245-7157-42c0-ae3d-876dd8ad036d","Code_545","Biospecimen Type"
"2023-12-15","C49487","Code","http://www.cdisc.org","0915677d-52b6-475c-b435-23e14846bf16","Code_546","No"
"2023-12-15","C49488","Code","http://www.cdisc.org","ce711f52-93fd-4659-883b-f5842b42d9dc","Code_547","Yes"
"2023-12-15","C83309","Code","http://www.cdisc.org","fd4f80fc-3c52-4161-995c-2ae17cc7083e","Code_548","Laboratory Test Fasting Status"
"2023-12-15","C64849","Code","http://www.cdisc.org","cc69ea49-45fd-47d6-b6d3-02ad3581f9c2","Code_549","HBA1C"
"2023-12-15","C78541","Code","http://www.cdisc.org","24de734d-91db-4c14-ac8f-ff0fa6a6d337","Code_145","Adverse Event Verbatim Description"
"2023-12-15","C83344","Code","http://www.cdisc.org","b3cd25b9-9ad9-477f-b86f-f47820746991","Code_146","Adverse Event Dictionary Derived Term"
"2023-12-15","C49487","Code","http://www.cdisc.org","a617d145-8428-4976-bacf-dd1bb3bb3cbd","Code_147","No"
"2023-12-15","C49488","Code","http://www.cdisc.org","7bbba61d-38d6-4e43-b76b-7f87ad2d923b","Code_148","Yes"
"2023-12-15","C87840","Code","http://www.cdisc.org","f3ed3510-80ae-435e-9ef2-8cee81bae3fd","Code_149","Adverse Event Pre-specified"
"2023-12-15","C83205","Code","http://www.cdisc.org","612bf328-624b-4335-8c0c-f9c7652467b9","Code_150","Adverse Event Location"
"2023-12-15","C53253","Code","http://www.cdisc.org","0336ba12-fcf0-4f78-9be2-8203d504622c","Code_151","Severity of Adverse Event"
"2023-12-15","C49487","Code","http://www.cdisc.org","a3d02bf3-13ae-45cc-a152-200c7e29eba5","Code_152","No"
"2023-12-15","C49488","Code","http://www.cdisc.org","ca9f9e2e-2c7a-47ae-aa7b-98e560e6206e","Code_153","Yes"
"2023-12-15","C53252","Code","http://www.cdisc.org","c1c6070e-98ca-46bd-9700-ac77b54c2769","Code_154","Seriousness of Adverse Event"
"2023-12-15","C83013","Code","http://www.cdisc.org","1f4e9228-c722-4857-a858-68e1cb9434af","Code_155","Adverse Event Action Taken with Study Treatment"
"2023-12-15","C83109","Code","http://www.cdisc.org","fd6d3369-b859-4859-9940-2fe501895338","Code_156","Other Actions taken in Response to Adverse Event"
"2023-12-15","C41358","Code","http://www.cdisc.org","ccf3ca1f-bc2b-438e-9931-8eda454c44d9","Code_157","Adverse Event Attribution to Product or Procedure"
"2023-12-15","C83210","Code","http://www.cdisc.org","e9c59eba-001b-45cb-adde-e344b309b375","Code_158","Adverse Event Relationship to Non Study Treatment"
"2023-12-15","C83208","Code","http://www.cdisc.org","82af2e35-cd68-47ff-b24f-4adeb830d541","Code_159","Adverse Event Pattern"
"2023-12-15","C49489","Code","http://www.cdisc.org","171d2152-2104-4c34-acd8-9c6a5c155f46","Code_160","Adverse Event Outcome"
"2023-12-15","C49487","Code","http://www.cdisc.org","7bad905f-fd43-472e-b044-1b15fa654541","Code_161","No"
"2023-12-15","C49488","Code","http://www.cdisc.org","39829b86-1175-408c-95bc-126972ef4ece","Code_162","Yes"
"2023-12-15","C83211","Code","http://www.cdisc.org","06da632a-52a6-4fa8-a700-3ad1c3c83e30","Code_163","Adverse Event Involves Cancer"
"2023-12-15","C49487","Code","http://www.cdisc.org","35b8e99b-5e5c-4597-89a9-1fb19bb639bb","Code_164","No"
"2023-12-15","C49488","Code","http://www.cdisc.org","ef67bbf2-f04d-4ce6-b980-d648df7c2b3e","Code_165","Yes"
"2023-12-15","C83117","Code","http://www.cdisc.org","b553288e-49a5-4f73-abbd-706618820fdf","Code_166","Adverse Event Seriousness Due to Congenital Anomaly"
"2023-12-15","C49487","Code","http://www.cdisc.org","be91b25f-59cc-4bb8-b1a1-01011190fd52","Code_167","No"
"2023-12-15","C49488","Code","http://www.cdisc.org","66d58cf7-a524-4708-bc0e-82fdaf867072","Code_168","Yes"
"2023-12-15","C113380","Code","http://www.cdisc.org","bc67ec03-d6b2-4e03-a117-f85342a6c629","Code_169","Disabling Adverse Event"
"2023-12-15","C49487","Code","http://www.cdisc.org","32bee629-4b22-401e-a6d2-90a7505d1155","Code_170","No"
"2023-12-15","C49488","Code","http://www.cdisc.org","f762c55c-09f3-45e4-9026-abc0f7a07f28","Code_171","Yes"
"2023-12-15","C48275","Code","http://www.cdisc.org","f2aba13c-474b-4a83-a088-e65638af6f38","Code_172","Death Related to Adverse Event"
"2023-12-15","C49487","Code","http://www.cdisc.org","dbb44ab4-84a9-4f9b-971a-543e5d3bf274","Code_173","No"
"2023-12-15","C49488","Code","http://www.cdisc.org","9d06ae2b-a3d0-47e3-86a9-5a85b3f193af","Code_174","Yes"
"2023-12-15","C83052","Code","http://www.cdisc.org","2f269777-086f-4531-bffd-335633db4d59","Code_175","Adverse Event associated with Hospitalization"
"2023-12-15","C49487","Code","http://www.cdisc.org","9484c238-4137-4ff4-80a8-16e6250bc4dd","Code_176","No"
"2023-12-15","C49488","Code","http://www.cdisc.org","f7810c3b-5f8a-4ec5-acb4-f0f0d7e8ae43","Code_177","Yes"
"2023-12-15","C84266","Code","http://www.cdisc.org","084f8446-fc54-490d-8877-2e498176265f","Code_178","Life Threatening Adverse Event"
"2023-12-15","C49487","Code","http://www.cdisc.org","4e04ab2b-7844-4d6d-b30e-80e5e41405da","Code_179","No"
"2023-12-15","C49488","Code","http://www.cdisc.org","fd953a5d-72ea-4ebb-bbff-2992d1e8c9e1","Code_180","Yes"
"2023-12-15","C83214","Code","http://www.cdisc.org","f0417195-2387-4c79-b79a-595208f2e1a3","Code_181","Adverse Event Occurred with Overdose"
"2023-12-15","C49487","Code","http://www.cdisc.org","8acb3522-0ead-4fea-b59f-fec947bb5642","Code_182","No"
"2023-12-15","C49488","Code","http://www.cdisc.org","506903f3-f812-4cfd-994e-e9cba1770ec9","Code_183","Yes"
"2023-12-15","C83053","Code","http://www.cdisc.org","d14ff5f1-f54f-4c7a-9e5a-59406ffa039f","Code_184","Adverse Event Associated with Serious Medical Event"
"2023-12-15","C49487","Code","http://www.cdisc.org","5777a59e-016c-4768-8864-4aee6c1a1d46","Code_185","No"
"2023-12-15","C49488","Code","http://www.cdisc.org","3a7b6857-05e1-476b-9870-fbc34e2692ee","Code_186","Yes"
"2023-12-15","C83199","Code","http://www.cdisc.org","52984bd2-f695-4de2-94ba-b2972826d904","Code_187","Adverse Event Concomitant Treatment"
"2023-12-15","C83215","Code","http://www.cdisc.org","a8b225ff-3e1d-4210-8bb4-3115a3c30e02","Code_188","Adverse Event Start Date Time"
"2023-12-15","C83201","Code","http://www.cdisc.org","977dd681-d56c-4846-be03-cc177e41d92a","Code_189","Adverse Event End Date Time"
"2023-12-15","C179175","Code","http://www.cdisc.org","2174230b-3819-4d59-9d94-27adf11da0bc","Code_190","Solicited Adverse Event"
"2023-12-15","C25298","Code","http://www.cdisc.org","2f9888f4-b5c2-40ee-a1ce-68085c8e3557","Code_191","SYSBP"
"2023-12-15","C77140","Code","http://www.cdisc.org","c29ee952-ba6f-477b-b5b5-4cb4e3c5fe2d","Code_192","Clinical Test Result"
"2023-12-15","C49669","Code","http://www.cdisc.org","581bd497-6ca2-4edf-84af-c40972cbe46d","Code_193","Unit of Pressure"
"2023-12-15","C62122","Code","http://www.cdisc.org","b9b1d361-d2e9-46b2-b1c6-1140fd8d7c93","Code_194","Sitting"
"2023-12-15","C62166","Code","http://www.cdisc.org","aaf7df3b-d728-4eb2-b482-fc7803dc9c80","Code_195","Standing"
"2023-12-15","C62167","Code","http://www.cdisc.org","78f128e1-fa4f-425f-b3a2-af9f4c8c7708","Code_196","Supine Position"
"2023-12-15","C62164","Code","http://www.cdisc.org","42bae185-d2d8-4095-beed-c01ff2019eee","Code_197","Body Position"
"2023-12-15","C12681","Code","http://www.cdisc.org","e080898a-e781-497c-9114-6d9a2b29603d","Code_198","Brachial Artery"
"2023-12-15","C12687","Code","http://www.cdisc.org","6144f734-c912-4dff-aacf-5718d9f95d3e","Code_199","Common Carotid Artery"
"2023-12-15","C32478","Code","http://www.cdisc.org","6d5a7fbd-fb51-47a3-8183-8269db712453","Code_200","Dorsalis Pedis Artery"
"2023-12-15","C12715","Code","http://www.cdisc.org","211d44db-2e60-44f1-bef3-3d8e87dbc365","Code_201","Femoral Artery"
"2023-12-15","C12838","Code","http://www.cdisc.org","077ff20e-8414-4014-bd4f-94ce38eb060d","Code_202","Radial Artery"
"2023-12-15","C13717","Code","http://www.cdisc.org","c974e286-253e-4ed0-845d-0c403d33f1b5","Code_203","Anatomic Site"
"2023-12-15","C25229","Code","http://www.cdisc.org","0ede964e-b617-4c61-b7ac-98daf38ccd97","Code_204","Left"
"2023-12-15","C25228","Code","http://www.cdisc.org","05b5508a-b84a-4ce7-9391-12118bb20a9e","Code_205","Right"
"2023-12-15","C25185","Code","http://www.cdisc.org","0fc949f5-9ede-4b16-a5eb-6219b1b6adcb","Code_206","Laterality"
"2023-12-15","C25298","Code","http://www.cdisc.org","cdd09999-8cce-4800-aa75-6dbff3caa0b7","Code_207","SYSBP"
"2023-12-15","C25299","Code","http://www.cdisc.org","c4687892-edb6-4ff4-afcd-61743fd291f4","Code_208","DIABP"
"2023-12-15","C77140","Code","http://www.cdisc.org","e3e5bb59-9c80-4cbb-be91-90e88a76aaf7","Code_209","Clinical Test Result"
"2023-12-15","C49669","Code","http://www.cdisc.org","86b55bbb-5ece-4d6a-9ad2-f010730eec90","Code_210","Unit of Pressure"
"2023-12-15","C62122","Code","http://www.cdisc.org","6018bf5c-cdac-4ae1-9d85-72cad22b6661","Code_211","Sitting"
"2023-12-15","C62166","Code","http://www.cdisc.org","2668c62f-7d32-4b5e-8992-f371ce1efae5","Code_212","Standing"
"2023-12-15","C62167","Code","http://www.cdisc.org","79e4b4a7-93db-4021-944e-2510a37e9a57","Code_213","Supine Position"
"2023-12-15","C62164","Code","http://www.cdisc.org","2d61e41f-e819-4d2a-8a74-d6badbe97592","Code_214","Body Position"
"2023-12-15","C12681","Code","http://www.cdisc.org","ca35b55a-74ef-413f-9989-05f15f483d15","Code_215","Brachial Artery"
"2023-12-15","C12687","Code","http://www.cdisc.org","8bb21e58-d33a-47f4-93fd-93657e287a2e","Code_216","Common Carotid Artery"
"2023-12-15","C32478","Code","http://www.cdisc.org","21fb0eea-e158-4269-baf2-f52821a4fba8","Code_217","Dorsalis Pedis Artery"
"2023-12-15","C12715","Code","http://www.cdisc.org","41503175-598c-4084-9466-3608b12c0579","Code_218","Femoral Artery"
"2023-12-15","C12838","Code","http://www.cdisc.org","6c23be10-aef4-4f3c-9b21-b3feca86df74","Code_219","Radial Artery"
"2023-12-15","C13717","Code","http://www.cdisc.org","ceaed82d-0a86-47be-809a-36edb1f483a6","Code_220","Anatomic Site"
"2023-12-15","C25229","Code","http://www.cdisc.org","41a2531d-f858-4b3b-a583-0c79f90f72e1","Code_221","Left"
"2023-12-15","C25228","Code","http://www.cdisc.org","31e51546-6d37-48f3-bbe4-476f5ed90adf","Code_222","Right"
"2023-12-15","C25185","Code","http://www.cdisc.org","e71fb742-311e-49ee-ad17-2318d93b4a88","Code_223","Laterality"
"2023-12-15","C25299","Code","http://www.cdisc.org","271d89a3-0177-495f-a145-6eefcbbd0bef","Code_224","DIABP"
"2023-12-15","C174446","Code","http://www.cdisc.org","5e8ac7e1-e9ff-4bd1-97c8-036427aff1c2","Code_225","TEMP"
"2023-12-15","C77140","Code","http://www.cdisc.org","77b4b328-9abd-4322-aa35-c1370a4a214b","Code_226","Clinical Test Result"
"2023-12-15","C42559","Code","http://www.cdisc.org","348ae8c3-98e7-4501-b092-873761f89a02","Code_227","Degree Celsius"
"2023-12-15","C44277","Code","http://www.cdisc.org","9dcd1134-d1fc-461d-8be9-96d7db9ede76","Code_228","Degree Fahrenheit"
"2023-12-15","C42537","Code","http://www.cdisc.org","52226c7a-6c66-4572-bdf3-5d251ffcd9d8","Code_229","Kelvin"
"2023-12-15","C44276","Code","http://www.cdisc.org","50d7dee7-0036-4696-b164-c78f9b533bdd","Code_230","Unit of Temperature"
"2023-12-15","C12674","Code","http://www.cdisc.org","a529aa37-40c8-40a9-995f-acf6fa5ed20e","Code_231","Axilla"
"2023-12-15","C12394","Code","http://www.cdisc.org","0523e321-1321-4a3b-a8f5-08541628da50","Code_232","Ear"
"2023-12-15","C89803","Code","http://www.cdisc.org","4ea26e61-dc77-4941-9f26-f1ec5f139391","Code_233","Forehead"
"2023-12-15","C12421","Code","http://www.cdisc.org","1018b963-b0d0-4dd2-82e8-397f78183d0f","Code_234","Oral Cavity"
"2023-12-15","C12390","Code","http://www.cdisc.org","630cc8a7-235f-4754-9249-3118baaa9ac9","Code_235","Rectum"
"2023-12-15","C13717","Code","http://www.cdisc.org","295a4822-a022-48ff-8181-e6cf1dac95d0","Code_236","Anatomic Site"
"2023-12-15","C174446","Code","http://www.cdisc.org","fc671614-78e7-4701-bbfb-43526ca446c8","Code_237","TEMP"
"2023-12-15","C25208","Code","http://www.cdisc.org","6bf61386-cdd8-4653-8eee-14bdb8416141","Code_238","WEIGHT"
"2023-12-15","C77140","Code","http://www.cdisc.org","20366498-ff8d-4af7-bbd5-fe2010c86a59","Code_239","Clinical Test Result"
"2023-12-15","C48531","Code","http://www.cdisc.org","0a76d406-0544-44f4-bfe4-f790533a269e","Code_240","Pound"
"2023-12-15","C48155","Code","http://www.cdisc.org","9f056711-b346-47cf-926e-ddc70078c919","Code_241","Gram"
"2023-12-15","C28252","Code","http://www.cdisc.org","f6be9c34-8f7b-4d73-bad0-e9e1a8a60c72","Code_242","Kilogram"
"2023-12-15","C48208","Code","http://www.cdisc.org","bfbed45e-438e-4e83-b2a5-79cefd6fe10e","Code_243","Unit of Weight"
"2023-12-15","C25208","Code","http://www.cdisc.org","f34eb186-b228-4ed7-9dbd-8b7e65d69248","Code_244","WEIGHT"
"2023-12-15","C25347","Code","http://www.cdisc.org","482a79d5-11f4-4b53-b710-4371d6bb277f","Code_245","HEIGHT"
"2023-12-15","C77140","Code","http://www.cdisc.org","db2f9451-ea46-44db-aa42-7c000a3e49dc","Code_246","Clinical Test Result"
"2023-12-15","C49668","Code","http://www.cdisc.org","0c9e4c10-f557-4dc3-a5ee-eac7900edddf","Code_247","Centimeter"
"2023-12-15","C48500","Code","http://www.cdisc.org","f6b45775-be18-4a0b-989a-76856fe0312e","Code_248","Inch"
"2023-12-15","C41139","Code","http://www.cdisc.org","a6e420e8-d40e-493b-b970-f7f495fbb8c9","Code_249","Meter"
"2023-12-15","C168688","Code","http://www.cdisc.org","8c41c710-af46-482b-91c8-ccbc346b0542","Code_250","Unit of Height"
"2023-12-15","C25347","Code","http://www.cdisc.org","ea267b0b-95a4-45ae-ba30-a26a12682de0","Code_251","HEIGHT"
"2023-12-15","C64433","Code","http://www.cdisc.org","823b0c6c-6924-4b98-b288-924183fb2c3f","Code_252","ALT"
"2023-12-15","C36292","Code","http://www.cdisc.org","5aeb74bc-e3ac-40ef-9f1b-b4357276a47c","Code_253","Laboratory Test Result"
"2023-12-15","C67456","Code","http://www.cdisc.org","d593cc3f-dfbc-4496-9c93-68be8c11a557","Code_254","Unit per Liter"
"2023-12-15","C67397","Code","http://www.cdisc.org","1a4617be-08cc-4a9a-b39c-57b15fa3868a","Code_255","Microkatal per Liter"
"2023-12-15","C67376","Code","http://www.cdisc.org","a98d23da-3097-4111-b295-8a16ce977abc","Code_256","International Unit per Liter"
"2023-12-15","C70510","Code","http://www.cdisc.org","7b955f75-bcfb-47bd-b39b-86fa0bf8ba58","Code_257","Nanokatal per Liter"
"2023-12-15","C67365","Code","http://www.cdisc.org","87804b65-eee7-4ba1-a0eb-f89496480c8d","Code_258","Unit of Catalytic Activity Concentration"
"2023-12-15","C70713","Code","http://www.cdisc.org","6bcd56a3-d800-4e56-9111-9db61d11f0d2","Code_259","Biospecimen Type"
"2023-12-15","C49487","Code","http://www.cdisc.org","a9d9a23b-82bb-4b0b-b000-81869eaefc48","Code_260","No"
"2023-12-15","C49488","Code","http://www.cdisc.org","f58e995d-894d-4259-979a-4e34d105c468","Code_261","Yes"
"2023-12-15","C83309","Code","http://www.cdisc.org","c6821acf-22c2-4cec-aee5-f75269c951c5","Code_262","Laboratory Test Fasting Status"
"2023-12-15","C64433","Code","http://www.cdisc.org","bab0e417-56fe-499f-97c7-f0367c6197e3","Code_263","ALT"
"2023-12-15","C64431","Code","http://www.cdisc.org","09ed2dc4-af7f-40e1-97e6-94090085659e","Code_264","ALB"
"2023-12-15","C36292","Code","http://www.cdisc.org","da98d844-b15f-4c5e-9343-4e2364e59a8c","Code_265","Laboratory Test Result"
"2023-12-15","C70713","Code","http://www.cdisc.org","b9e20f6e-7e79-4995-8161-afd266710bc5","Code_266","Biospecimen Type"
"2023-12-15","C49487","Code","http://www.cdisc.org","b3b6ec34-15b0-4403-a4fd-e385b1c1e6b5","Code_267","No"
"2023-12-15","C49488","Code","http://www.cdisc.org","0399a3ee-ba84-4a87-a128-3678bd82d6ee","Code_268","Yes"
"2023-12-15","C83309","Code","http://www.cdisc.org","cbceece6-ce7b-404c-a6d1-d0b0bcbeb6c5","Code_269","Laboratory Test Fasting Status"
"2023-12-15","C64431","Code","http://www.cdisc.org","aa1aa469-ae41-4d17-a5a9-8d4062ddab05","Code_270","ALB"
"2023-12-15","C64432","Code","http://www.cdisc.org","e7eddd11-b2f1-4123-b7a1-9973047d2db2","Code_271","ALP"
"2023-12-15","C36292","Code","http://www.cdisc.org","23ca6a6c-3448-4424-97cc-833085bd25fa","Code_272","Laboratory Test Result"
"2023-12-15","C67456","Code","http://www.cdisc.org","741d67d5-b30a-4c47-8808-63f1e4514024","Code_273","Unit per Liter"
"2023-12-15","C67397","Code","http://www.cdisc.org","358613c8-df39-460b-9df8-04e8d03db56c","Code_274","Microkatal per Liter"
"2023-12-15","C67376","Code","http://www.cdisc.org","8349f5f8-25ed-4154-a193-64449be1636d","Code_275","International Unit per Liter"
"2023-12-15","C67365","Code","http://www.cdisc.org","893cc51d-5bb1-416c-ae17-912fec037949","Code_276","Unit of Catalytic Activity Concentration"
"2023-12-15","C70713","Code","http://www.cdisc.org","faea2248-2aef-4845-adc4-7da6a5e9b7ee","Code_277","Biospecimen Type"
"2023-12-15","C49487","Code","http://www.cdisc.org","d3f5573b-fa8d-442a-8c57-94665ce8bb71","Code_278","No"
"2023-12-15","C49488","Code","http://www.cdisc.org","20f95bea-96d7-4ef2-9a35-2d155972a424","Code_279","Yes"
"2023-12-15","C83309","Code","http://www.cdisc.org","378c5f13-df5b-46c6-8acd-0e17cda1744e","Code_280","Laboratory Test Fasting Status"
"2023-12-15","C64432","Code","http://www.cdisc.org","69cda482-a790-4904-ae60-88511cf813cf","Code_281","ALP"
"2023-12-15","C64467","Code","http://www.cdisc.org","765f56d4-64a1-4e19-a80c-6194e708d8ab","Code_282","AST"
"2023-12-15","C36292","Code","http://www.cdisc.org","f2461c30-9cad-4160-a838-0b09c284dffc","Code_283","Laboratory Test Result"
"2023-12-15","C67456","Code","http://www.cdisc.org","3a93bf8a-3b2e-4b91-8204-42291e79b638","Code_284","Unit per Liter"
"2023-12-15","C67397","Code","http://www.cdisc.org","f410c24a-f3aa-42b1-af34-e3a38c425aed","Code_285","Microkatal per Liter"
"2023-12-15","C67376","Code","http://www.cdisc.org","d5780371-ad14-4ea9-b9d2-89043ab8ac01","Code_286","International Unit per Liter"
"2023-12-15","C67365","Code","http://www.cdisc.org","cb17fe71-30b0-4179-a3a8-9d575f7260ff","Code_287","Unit of Catalytic Activity Concentration"
"2023-12-15","C70713","Code","http://www.cdisc.org","ae7d2d38-50b3-463c-8b57-3f8dd963ae74","Code_288","Biospecimen Type"
"2023-12-15","C49487","Code","http://www.cdisc.org","c0670c17-f7de-4d54-bc60-99e544553c4c","Code_289","No"
"2023-12-15","C49488","Code","http://www.cdisc.org","74fa5362-f670-427e-98ed-ac61c2fb552d","Code_290","Yes"
"2023-12-15","C83309","Code","http://www.cdisc.org","dce3cdb0-ba5b-443c-936e-a88fc1969d7a","Code_291","Laboratory Test Fasting Status"
"2023-12-15","C64467","Code","http://www.cdisc.org","4c408c7c-8095-462d-9d4d-36a8fc7d3649","Code_292","AST"
"2023-12-15","C64547","Code","http://www.cdisc.org","d8d6757b-5e5a-4553-9178-d25eee42877b","Code_293","CREAT"
"2023-12-15","C36292","Code","http://www.cdisc.org","10ea541e-8f56-4cca-b1a3-039c2c66fd13","Code_294","Laboratory Test Result"
"2023-12-15","C67015","Code","http://www.cdisc.org","87cef554-3c79-4916-994d-5b9230508276","Code_295","Milligram per Deciliter"
"2023-12-15","C64572","Code","http://www.cdisc.org","2ab0404d-ade3-4d9b-a8cd-28969223201c","Code_296","Microgram per Milliliter"
"2023-12-15","C64387","Code","http://www.cdisc.org","043f1745-4f05-4b4a-82ee-ab725cbab251","Code_297","Millimole per Liter"
"2023-12-15","C48508","Code","http://www.cdisc.org","0fbaa967-d83b-485b-a579-d836d6021fcb","Code_298","Micromole per Liter"
"2023-12-15","C48207","Code","http://www.cdisc.org","71456494-6b2a-43cb-b7a8-f4d77ff06508","Code_299","Unit of Concentration"
"2023-12-15","C70713","Code","http://www.cdisc.org","e3293aa2-6316-4f8e-b034-0f60a816c7a7","Code_300","Biospecimen Type"
"2023-12-15","C49487","Code","http://www.cdisc.org","cd755d18-a188-4d00-8789-074259b1029d","Code_301","No"
"2023-12-15","C49488","Code","http://www.cdisc.org","548fa85e-8a9b-42f5-b746-29d74a83dc6a","Code_302","Yes"
"2023-12-15","C83309","Code","http://www.cdisc.org","adc37c41-6550-40ee-b5d9-d416bf5dc10c","Code_303","Laboratory Test Fasting Status"
"2023-12-15","C64547","Code","http://www.cdisc.org","4d0196a2-47f7-4985-be6a-9bd703a94f00","Code_304","CREAT"
"2023-12-15","C64853","Code","http://www.cdisc.org","f20f0ce8-2a92-4cc3-925b-834c404f9930","Code_305","K"
"2023-12-15","C36292","Code","http://www.cdisc.org","6889dbea-7140-47cd-b2bd-f23713f06094","Code_306","Laboratory Test Result"
"2023-12-15","C67474","Code","http://www.cdisc.org","e5f286e3-26aa-441a-970a-583952c7acc1","Code_307","Milliequivalent per Liter"
"2023-12-15","C67473","Code","http://www.cdisc.org","396d8c3c-4f2f-4115-877e-f439ec074c63","Code_308","Milliequivalent per Deciliter"
"2023-12-15","C64387","Code","http://www.cdisc.org","a0ae7e83-ed89-457d-a9a1-6ef0d6525627","Code_309","Millimole per Liter"
"2023-12-15","C64567","Code","http://www.cdisc.org","a364ed02-4a43-4593-b40f-f430c09cb986","Code_310","Molarity Unit"
"2023-12-15","C70713","Code","http://www.cdisc.org","cf3a55df-3c82-4d62-bef3-814160de9ce7","Code_311","Biospecimen Type"
"2023-12-15","C49487","Code","http://www.cdisc.org","5df2357e-a328-4738-8998-4c4e644f3b9a","Code_312","No"
"2023-12-15","C49488","Code","http://www.cdisc.org","f86cecdf-48ce-46d6-bea3-9c3d212cd1cd","Code_313","Yes"
"2023-12-15","C83309","Code","http://www.cdisc.org","489e36e0-c3ec-4c91-baf6-de0030a545bd","Code_314","Laboratory Test Fasting Status"
"2023-12-15","C64853","Code","http://www.cdisc.org","3698c965-5f15-4f8e-b27d-1a215e5346c1","Code_315","K"
"2023-12-15","C64809","Code","http://www.cdisc.org","39bba8e2-62e6-4d94-bc75-f04ccfa8f8cf","Code_316","SODIUM"
"2023-12-15","C36292","Code","http://www.cdisc.org","7433c3ec-7ae1-4854-a95f-6b6ce65449ce","Code_317","Laboratory Test Result"
"2023-12-15","C67474","Code","http://www.cdisc.org","95cb3f31-7a36-4d1a-a900-22608673a392","Code_318","Milliequivalent per Liter"
"2023-12-15","C67473","Code","http://www.cdisc.org","edc39b17-6a20-4fd8-a8c6-3a253741dd2d","Code_319","Milliequivalent per Deciliter"
"2023-12-15","C64387","Code","http://www.cdisc.org","b4c59fa4-ff79-4845-b4b8-21366ade722c","Code_320","Millimole per Liter"
"2023-12-15","C64567","Code","http://www.cdisc.org","1eceb724-0ca2-4489-a63d-fc69deda2a99","Code_321","Molarity Unit"
"2023-12-15","C70713","Code","http://www.cdisc.org","2623ece9-f61d-4b84-8418-c3f4b53cb0e7","Code_322","Biospecimen Type"
"2023-12-15","C49487","Code","http://www.cdisc.org","aa94bf5e-ab4e-43de-b59a-d51ac91194a8","Code_323","No"
"2023-12-15","C49488","Code","http://www.cdisc.org","11df219b-b018-4900-8e4d-815191a494ac","Code_324","Yes"
"2023-12-15","C83309","Code","http://www.cdisc.org","e756a18e-e929-4cb7-9f50-47631e925bf1","Code_325","Laboratory Test Fasting Status"
"2023-12-15","C64809","Code","http://www.cdisc.org","d60cded2-f162-44f5-b74d-dddca9e00681","Code_326","SODIUM"
"2023-12-15","C25298","Code","http://www.cdisc.org","d9e62d94-9e2e-48e6-b69d-3dd0539d58f3","Code_327","SYSBP"
"2023-12-15","C77140","Code","http://www.cdisc.org","77aff57e-6d4f-4055-aae6-e370f02af544","Code_328","Clinical Test Result"
"2023-12-15","C49669","Code","http://www.cdisc.org","3bf29855-3024-496f-aac2-6b0a84f928e3","Code_329","Unit of Pressure"
"2023-12-15","C62122","Code","http://www.cdisc.org","9ef22d96-f271-4204-8745-0ace6a2fb426","Code_330","Sitting"
"2023-12-15","C62166","Code","http://www.cdisc.org","d6f62b71-d64d-4e19-a434-2d99dc1bf2df","Code_331","Standing"
"2023-12-15","C62167","Code","http://www.cdisc.org","188c1101-58d3-4fcd-a582-f88f5ec89c64","Code_332","Supine Position"
"2023-12-15","C62164","Code","http://www.cdisc.org","3a9cdf2f-5d61-44fe-b0a3-f58da22d007d","Code_333","Body Position"
"2023-12-15","C12681","Code","http://www.cdisc.org","37c3c07e-81e1-47db-9e05-959f27d700b6","Code_334","Brachial Artery"
"2023-12-15","C12687","Code","http://www.cdisc.org","dbc122d4-db3e-4db0-8492-2cd5267e2347","Code_335","Common Carotid Artery"
"2023-12-15","C32478","Code","http://www.cdisc.org","f4b234c8-131f-4d66-b7b9-5ead5cf49778","Code_336","Dorsalis Pedis Artery"
"2023-12-15","C12715","Code","http://www.cdisc.org","b890f3b0-8be1-41dc-b993-faa92dda661f","Code_337","Femoral Artery"
"2023-12-15","C12838","Code","http://www.cdisc.org","e362504d-4b64-43a5-97ef-0514fbbe89e6","Code_338","Radial Artery"
"2023-12-15","C13717","Code","http://www.cdisc.org","17635859-0a6a-4c4d-9d94-0d99cbeb3e87","Code_339","Anatomic Site"
"2023-12-15","C25229","Code","http://www.cdisc.org","5e655f08-156d-4bf2-9ae2-ca9f49f2e965","Code_340","Left"
"2023-12-15","C25228","Code","http://www.cdisc.org","16189e07-667c-4561-bda1-0501a7c57af9","Code_341","Right"
"2023-12-15","C25185","Code","http://www.cdisc.org","43b281ce-ef55-4c93-b772-bf52fdf254fc","Code_342","Laterality"
"2023-12-15","C25298","Code","http://www.cdisc.org","3e717cc7-aa02-4735-bc67-13e8c547d621","Code_343","SYSBP"
"2023-12-15","C25299","Code","http://www.cdisc.org","a660b7fa-d068-41dc-b445-f1532321ffbe","Code_344","DIABP"
"2023-12-15","C77140","Code","http://www.cdisc.org","ae574472-8f07-44da-93ba-acaa2a9b83b9","Code_345","Clinical Test Result"
"2023-12-15","C49669","Code","http://www.cdisc.org","d3e25950-eceb-4829-8531-27f782177ce0","Code_346","Unit of Pressure"
"2023-12-15","C62122","Code","http://www.cdisc.org","2656e402-d51d-4feb-88b2-8da29db773ea","Code_347","Sitting"
"2023-12-15","C62166","Code","http://www.cdisc.org","3f2f228d-162e-4d45-9e4f-3e2cb2f1ab0a","Code_348","Standing"
"2023-12-15","C62167","Code","http://www.cdisc.org","d6b0eae1-99ca-458c-902c-dbc010bf8b1e","Code_349","Supine Position"
"2023-12-15","C62164","Code","http://www.cdisc.org","0a7808f9-f849-4cf3-a23b-7a53cad92fce","Code_350","Body Position"
"2023-12-15","C12681","Code","http://www.cdisc.org","c22141be-6125-4853-854c-5c9f48b33a05","Code_351","Brachial Artery"
"2023-12-15","C12687","Code","http://www.cdisc.org","491a8792-fe03-44b0-bdfb-b20f2c296695","Code_352","Common Carotid Artery"
"2023-12-15","C32478","Code","http://www.cdisc.org","7b30feb1-37ee-4da3-9a5a-2ee955a53cbd","Code_353","Dorsalis Pedis Artery"
"2023-12-15","C12715","Code","http://www.cdisc.org","5d566ad4-fe11-4e5e-949e-5cb0f2433121","Code_354","Femoral Artery"
"2023-12-15","C12838","Code","http://www.cdisc.org","81468816-363e-436d-bec1-7292b6d88c02","Code_355","Radial Artery"
"2023-12-15","C13717","Code","http://www.cdisc.org","4be00140-ca63-46a3-9e36-8a9556d8ca48","Code_356","Anatomic Site"
"2023-12-15","C25229","Code","http://www.cdisc.org","a583a0ce-13ae-49c0-81cd-946173375b84","Code_357","Left"
"2023-12-15","C25228","Code","http://www.cdisc.org","d133bf0a-e024-4c08-8649-1883a0db1df0","Code_358","Right"
"2023-12-15","C25185","Code","http://www.cdisc.org","003ae7a4-5a0a-4bdd-9394-906f26883a01","Code_359","Laterality"
"2023-12-15","C25299","Code","http://www.cdisc.org","474e6262-574d-4f07-8b8d-a1825512125a","Code_360","DIABP"
"2023-12-15","C49677","Code","http://www.cdisc.org","c8b2476e-77ae-42ee-9ada-42d9f0d68501","Code_361","HR"
"2023-12-15","C77140","Code","http://www.cdisc.org","7014930a-2a4d-46ca-a376-ccb434cc7133","Code_362","Clinical Test Result"
"2023-12-15","C73688","Code","http://www.cdisc.org","3f9c92bd-1dfd-4228-a7fa-57b2b97b6ec4","Code_363","Count per Minute"
"2023-12-15","C62122","Code","http://www.cdisc.org","56766a0b-b1f1-4a8e-8ccb-d3770de90771","Code_364","Sitting"
"2023-12-15","C62166","Code","http://www.cdisc.org","0f6d5341-a7fd-4069-8cdd-6f981332454e","Code_365","Standing"
"2023-12-15","C62167","Code","http://www.cdisc.org","846bbd00-c035-49b9-b237-e625333762c2","Code_366","Supine Position"
"2023-12-15","C62164","Code","http://www.cdisc.org","4538ebfe-278d-4597-b03e-3b9d50efd5bc","Code_367","Body Position"
"2023-12-15","C12681","Code","http://www.cdisc.org","d316268d-d3d7-4a8c-8dc1-b9a9f13bab36","Code_368","Brachial Artery"
"2023-12-15","C12687","Code","http://www.cdisc.org","64fdc63c-dca7-4493-be6e-ca7ec72aaadf","Code_369","Common Carotid Artery"
"2023-12-15","C32478","Code","http://www.cdisc.org","1d295ca3-f054-4709-aaa5-98a0515c695c","Code_370","Dorsalis Pedis Artery"
"2023-12-15","C12715","Code","http://www.cdisc.org","f91210c0-a8fd-4b0e-9e4d-7ee1df985d86","Code_371","Femoral Artery"
"2023-12-15","C12838","Code","http://www.cdisc.org","fadf4c41-de16-4c5c-bd33-69198b53465e","Code_372","Radial Artery"
"2023-12-15","C13717","Code","http://www.cdisc.org","104f75c6-cb80-424e-b7f5-30b83a953b0f","Code_373","Anatomic Site"
"2023-12-15","C25229","Code","http://www.cdisc.org","44edb416-153b-4f11-86ea-0ecbfff9b954","Code_374","Left"
"2023-12-15","C25228","Code","http://www.cdisc.org","cc7cf9ca-7268-4ffa-9217-553bdaed142e","Code_375","Right"
"2023-12-15","C25185","Code","http://www.cdisc.org","03041abc-f486-4189-a599-608888f109f3","Code_376","Laterality"
"2023-12-15","C49677","Code","http://www.cdisc.org","e8e5ae8c-c278-4abf-bbc8-1b1dfc7ee888","Code_377","HR"
"2023-12-15","C25298","Code","http://www.cdisc.org","f5a2b5d7-e6a2-4288-867d-d7bb3500cdfa","Code_378","SYSBP"
"2023-12-15","C77140","Code","http://www.cdisc.org","e747756d-ebb6-402d-a051-be0cb5a92eeb","Code_379","Clinical Test Result"
"2023-12-15","C49669","Code","http://www.cdisc.org","64e54848-9e6a-4601-9daa-64c49297ab39","Code_380","Unit of Pressure"
"2023-12-15","C62122","Code","http://www.cdisc.org","5bcbdd50-27be-482d-898d-7f2f204d1fff","Code_381","Sitting"
"2023-12-15","C62166","Code","http://www.cdisc.org","9c04eebe-61c3-4ec9-ab2c-44e2dcd985c8","Code_382","Standing"
"2023-12-15","C62167","Code","http://www.cdisc.org","b875cfe0-2b34-4890-9dc7-97542b629089","Code_383","Supine Position"
"2023-12-15","C62164","Code","http://www.cdisc.org","26602199-9312-40af-9140-56fa626237c8","Code_384","Body Position"
"2023-12-15","C12681","Code","http://www.cdisc.org","bff0947b-a168-4ef2-af9b-f3c5475bed82","Code_385","Brachial Artery"
"2023-12-15","C12687","Code","http://www.cdisc.org","2d9ebda0-c003-404a-a372-980ca239371b","Code_386","Common Carotid Artery"
"2023-12-15","C32478","Code","http://www.cdisc.org","4a0650cd-b1ec-4722-8476-c6f6f1b176a2","Code_387","Dorsalis Pedis Artery"
"2023-12-15","C12715","Code","http://www.cdisc.org","1240bfcc-4c40-4b45-b64b-4424bf027d4c","Code_388","Femoral Artery"
"2023-12-15","C12838","Code","http://www.cdisc.org","e9a171f3-b0b5-409f-bf7d-e320342d9fdc","Code_389","Radial Artery"
"2023-12-15","C13717","Code","http://www.cdisc.org","c1b89a62-a956-49fd-a3ac-52c716375bcc","Code_390","Anatomic Site"
"2023-12-15","C25229","Code","http://www.cdisc.org","11bcdab8-0961-407d-9ef1-aaba37ee02c3","Code_391","Left"
"2023-12-15","C25228","Code","http://www.cdisc.org","b183db76-6584-4fcb-b251-a8759851c7f2","Code_392","Right"
"2023-12-15","C25185","Code","http://www.cdisc.org","d698ad4c-ed3b-4df3-b900-430ece1ee579","Code_393","Laterality"
"2023-12-15","C25298","Code","http://www.cdisc.org","e2372539-a13f-41b0-9fc9-20f2431093d4","Code_394","SYSBP"
"2023-12-15","C25299","Code","http://www.cdisc.org","3e6f8a98-0fd1-4e6d-bbfb-fb6d34ac0919","Code_395","DIABP"
"2023-12-15","C77140","Code","http://www.cdisc.org","56480932-300d-43af-9aba-7a1343e77221","Code_396","Clinical Test Result"
"2023-12-15","C49669","Code","http://www.cdisc.org","f1e156a6-ee08-47d0-943b-25db56e74a89","Code_397","Unit of Pressure"
"2023-12-15","C62122","Code","http://www.cdisc.org","d6c50bbf-a365-4563-8f61-0aa4f2a5a9be","Code_398","Sitting"
"2023-12-15","C62166","Code","http://www.cdisc.org","983df7d6-989e-47f7-84dc-e6efd5d7eedc","Code_399","Standing"
"2023-12-15","C62167","Code","http://www.cdisc.org","bbf22567-7993-48c0-990c-88131f7c5c51","Code_400","Supine Position"
"2023-12-15","C62164","Code","http://www.cdisc.org","9e9cd00d-00eb-40b9-8f2e-5a407dd05a1d","Code_401","Body Position"
"2023-12-15","C12681","Code","http://www.cdisc.org","6af67ba9-615f-48ca-9a97-acbb84e2e676","Code_402","Brachial Artery"
"2023-12-15","C12687","Code","http://www.cdisc.org","77723c44-f8fe-42b9-8442-778ee4e35141","Code_403","Common Carotid Artery"
"2023-12-15","C32478","Code","http://www.cdisc.org","f2c7e8d5-c476-45eb-91c1-4cbe50cd8507","Code_404","Dorsalis Pedis Artery"
"2023-12-15","C12715","Code","http://www.cdisc.org","94f26866-62e8-4814-988f-66303f8383b2","Code_405","Femoral Artery"
"2023-12-15","C12838","Code","http://www.cdisc.org","0b4ad9a0-9c23-4a5b-876c-0612e01bcbae","Code_406","Radial Artery"
"2023-12-15","C13717","Code","http://www.cdisc.org","88781139-9cac-410a-93a6-b854217fa132","Code_407","Anatomic Site"
"2023-12-15","C25229","Code","http://www.cdisc.org","a8ad122c-0118-4ea8-8b38-559dbae3ce56","Code_408","Left"
"2023-12-15","C25228","Code","http://www.cdisc.org","1c54eaa2-1a91-4a35-a87b-4add6f4faf3f","Code_409","Right"
"2023-12-15","C25185","Code","http://www.cdisc.org","ec035513-6787-442b-8498-3e766e7b94c4","Code_410","Laterality"
"2023-12-15","C25299","Code","http://www.cdisc.org","21e88146-f3ce-4c99-911d-d6f26363642b","Code_411","DIABP"
"2023-12-15","C49677","Code","http://www.cdisc.org","67f40110-60af-4966-abf1-30a8d17f94bb","Code_412","HR"
"2023-12-15","C77140","Code","http://www.cdisc.org","0d52387f-7cdf-4336-ad8c-51e74e478ab1","Code_413","Clinical Test Result"
"2023-12-15","C73688","Code","http://www.cdisc.org","a6165501-14c3-441a-8d23-7720d73c0e0a","Code_414","Count per Minute"
"2023-12-15","C62122","Code","http://www.cdisc.org","2d161245-75cd-4a42-b665-cb99336ba0be","Code_415","Sitting"
"2023-12-15","C62166","Code","http://www.cdisc.org","fd120509-9405-402c-bc9f-052457ecde03","Code_416","Standing"
"2023-12-15","C62167","Code","http://www.cdisc.org","9ba8e619-791c-4cac-bf66-28b40516a0f9","Code_417","Supine Position"
"2023-12-15","C62164","Code","http://www.cdisc.org","87f1c68b-a9ac-4f87-a04e-a41ac2b27cd5","Code_418","Body Position"
"2023-12-15","C12681","Code","http://www.cdisc.org","b3b46c5a-bf22-425a-9b99-0b848c620b4d","Code_419","Brachial Artery"
"2023-12-15","C12687","Code","http://www.cdisc.org","b3962655-8ebc-449e-b205-32e516b832f1","Code_420","Common Carotid Artery"
"2023-12-15","C32478","Code","http://www.cdisc.org","78171dff-3da8-4c03-8b5e-22da7186edf1","Code_421","Dorsalis Pedis Artery"
"2023-12-15","C12715","Code","http://www.cdisc.org","19ac68f1-4b03-450e-aa82-f3c7d6512c34","Code_422","Femoral Artery"
"2023-12-15","C12838","Code","http://www.cdisc.org","84c204d1-1fcb-489b-925e-a24158866232","Code_423","Radial Artery"
"2023-12-15","C13717","Code","http://www.cdisc.org","98fd22de-907e-4e60-8756-10b49a0330c9","Code_424","Anatomic Site"
"2023-12-15","C25229","Code","http://www.cdisc.org","f7aca403-796a-4c0f-a40f-e82ea14ffb5e","Code_425","Left"
"2023-12-15","C25228","Code","http://www.cdisc.org","7ce0c0bd-558a-41b8-9df7-99540ce46e80","Code_426","Right"
"2023-12-15","C25185","Code","http://www.cdisc.org","853b3003-1421-4b13-b341-472a88b7c8b6","Code_427","Laterality"
"2023-12-15","C49677","Code","http://www.cdisc.org","af360e82-fcbb-4800-b38e-215f6cc8b0df","Code_428","HR"
"2023-12-15","C174268","Code","http://www.cdisc.org","10231eda-4007-4106-bac7-2cbf55ff8866","Code_123","Placebo Comparator Arm"
"2023-12-15","C188866","Code","http://www.cdisc.org","66ac794e-f745-4803-8e1f-7cfb254c191e","Code_124","Data Generated Within Study"
"2023-12-15","C174267","Code","http://www.cdisc.org","26707970-6f04-4c36-8afc-5b39211d8062","Code_125","Active Comparator Arm"
"2023-12-15","C188866","Code","http://www.cdisc.org","c0df4fae-40b0-46a4-a50b-9776a45e2e21","Code_126","Data Generated Within Study"
"2023-12-15","C174267","Code","http://www.cdisc.org","e4282f63-d441-41aa-908b-ebbe0580ea76","Code_127","Active Comparator Arm"
"2023-12-15","C188866","Code","http://www.cdisc.org","9e2c5128-5e8d-4646-aa76-739dfda3468d","Code_128","Data Generated Within Study"
"2023-12-15","C15228","Code","http://www.cdisc.org","a0cd1896-4a33-455b-a547-0b46b8fefa64","Code_136","Double Blind Study"
"2023-12-15","C202487","Code","http://www.cdisc.org","c732b987-a932-4146-82f9-8dfd4839a266","Code_129","Screening Epoch"
"2023-12-15","C101526","Code","http://www.cdisc.org","702c77c3-426a-49e6-9da4-0c5ccb286269","Code_130","Treatment Epoch"
"2023-12-15","C101526","Code","http://www.cdisc.org","f723ac6f-a157-4418-a8a3-652cde2a24cc","Code_131","Treatment Epoch"
"2023-12-15","C101526","Code","http://www.cdisc.org","8ca3f672-3393-4592-a27a-f74b1ccd99d5","Code_132","Treatment Epoch"
"2023-12-15","C202578","Code","http://www.cdisc.org","574f28b4-2210-4c0c-b2f2-b91730a6f914","Code_133","Follow-Up Epoch"
"1","G30.9","Code","ICD-10-CM","b8127edf-5fb3-473c-9122-1210f517eb3d","Code_550","Alzheimer's disease; unspecified"
"January 31, 2018","26929004","Code","SNOMED","db82a6dd-40e0-4980-b229-776c7c667dcf","Code_551","Alzheimer's disease"
"2023-12-15","C70793","Code","http://www.cdisc.org","3d1f5456-4607-4ad7-9028-41c3288cafab","Code_142","Sponsor"
"2023-12-15","C85826","Code","http://www.cdisc.org","9bcdbf68-bc2e-4fc6-b40a-31c0af3fb5bd","Code_555","Primary Objective"
"2023-12-15","C94496","Code","http://www.cdisc.org","deefb86d-7cb3-4ccb-9a91-46f18ea9ec9a","Code_554","Primary Endpoint"
"2023-12-15","C94496","Code","http://www.cdisc.org","a69ad246-c32b-402a-b2b0-78b20571f8e5","Code_556","Primary Endpoint"
"2023-12-15","C85826","Code","http://www.cdisc.org","b702f0e8-98ba-4c0b-bbf3-f4928e8f8c0c","Code_558","Primary Objective"
"2023-12-15","C94496","Code","http://www.cdisc.org","8ac8949e-14e5-40f6-897d-1f348da62a5f","Code_557","Primary Endpoint"
"2023-12-15","C94496","Code","http://www.cdisc.org","b863c17a-0eae-4d32-bbcc-d94ffffd3274","Code_559","Primary Endpoint"
"2023-12-15","C94496","Code","http://www.cdisc.org","fb092767-61d0-423b-9c28-843f617aa5e8","Code_560","Primary Endpoint"
"2023-12-15","C85827","Code","http://www.cdisc.org","c9641c5d-3c28-4ddb-96c0-cb8add93c245","Code_562","Secondary Objective"
"2023-12-15","C139173","Code","http://www.cdisc.org","4250817c-9043-47f6-a6b1-90afbff52e52","Code_561","Secondary Endpoint"
"2023-12-15","C139173","Code","http://www.cdisc.org","87dca18a-8b4c-4fe3-8806-b225253d9cf9","Code_563","Secondary Endpoint"
"2023-12-15","C139173","Code","http://www.cdisc.org","5592a391-0868-4453-842c-9fa226e1816a","Code_564","Secondary Endpoint"
"2023-12-15","C85827","Code","http://www.cdisc.org","2828fd0c-9318-4c0e-8fbe-5f9dafaa4d26","Code_566","Secondary Objective"
"2023-12-15","C139173","Code","http://www.cdisc.org","16addec4-7eaf-449e-a27c-8f582b7a286e","Code_565","Secondary Endpoint"
"2023-12-15","C85827","Code","http://www.cdisc.org","36803a9f-2d40-49dd-b3cd-99a7a314b404","Code_568","Secondary Objective"
"2023-12-15","C139173","Code","http://www.cdisc.org","5e387005-cb98-4613-b918-23d851f8abcc","Code_567","Secondary Endpoint"
"2023-12-15","C85827","Code","http://www.cdisc.org","2cbc74c8-2ceb-423b-b16a-08038d36c8c0","Code_570","Secondary Objective"
"2023-12-15","C139173","Code","http://www.cdisc.org","01c0046d-78f8-49d9-98a4-4ad8761a3ca6","Code_569","Secondary Endpoint"
"2023-12-15","C49636","Code","http://www.cdisc.org","4b193b4b-a452-4500-b236-d1672ea1d461","Code_553","Both"
"2023-12-15","C25532","Code","http://www.cdisc.org","520e6557-dcea-432a-aa5a-c817111ad6ae","Code_571","Inclusion Criteria"
"2023-12-15","C25532","Code","http://www.cdisc.org","e919bf3a-35c1-48d7-93e1-b93950c59fe6","Code_572","Inclusion Criteria"
"2023-12-15","C25532","Code","http://www.cdisc.org","12b8b2af-319f-4f4f-9f15-58cf483c74f7","Code_573","Inclusion Criteria"
"2023-12-15","C25532","Code","http://www.cdisc.org","ad668209-d252-4e73-a1f6-32d5f0d36b37","Code_574","Inclusion Criteria"
"2023-12-15","C25532","Code","http://www.cdisc.org","bc98afec-9496-4dfb-aee2-1b6281689b01","Code_575","Inclusion Criteria"
"2023-12-15","C25532","Code","http://www.cdisc.org","6096225b-e1df-4255-8bd7-d26ad2e484e3","Code_576","Inclusion Criteria"
"2023-12-15","C25532","Code","http://www.cdisc.org","bdccd8a9-3ca0-4eda-b54e-88298088d038","Code_577","Inclusion Criteria"
"2023-12-15","C25532","Code","http://www.cdisc.org","72bac8ae-c1a0-47ac-8ddb-f262cd61d259","Code_578","Inclusion Criteria"
"2023-12-15","C25370","Code","http://www.cdisc.org","a034f9f7-5915-4c7a-bfef-66f708a01831","Code_579","Exclusion Criteria"
"2023-12-15","C25370","Code","http://www.cdisc.org","46d3762b-3076-4bcc-b5d5-c8aa5a7e2692","Code_580","Exclusion Criteria"
"2023-12-15","C25370","Code","http://www.cdisc.org","b626c17d-b877-4608-af68-57b148410e43","Code_581","Exclusion Criteria"
"2023-12-15","C25370","Code","http://www.cdisc.org","50fee228-043a-4940-9373-f248104a5b89","Code_582","Exclusion Criteria"
"2023-12-15","C25370","Code","http://www.cdisc.org","b68992b0-214a-4e53-970b-92c7feea1bc3","Code_583","Exclusion Criteria"
"2023-12-15","C25370","Code","http://www.cdisc.org","6c410b20-3475-4352-afb8-2e6c1a7f208f","Code_584","Exclusion Criteria"
"2023-12-15","C25370","Code","http://www.cdisc.org","fa4c7abf-9596-4934-94c8-923b2783c848","Code_585","Exclusion Criteria"
"2023-12-15","C25370","Code","http://www.cdisc.org","ba52d2da-8b75-4081-bc1c-f347254e8934","Code_586","Exclusion Criteria"
"2023-12-15","C25370","Code","http://www.cdisc.org","c7762e4e-c5e9-401c-b55e-d9df1c9be904","Code_587","Exclusion Criteria"
"2023-12-15","C25370","Code","http://www.cdisc.org","d6bb38b5-3990-45db-9f57-b3e9e6d48b3f","Code_588","Exclusion Criteria"
"2023-12-15","C25370","Code","http://www.cdisc.org","274f3a3d-6e74-4047-93b2-9683a3ba22dd","Code_589","Exclusion Criteria"
"2023-12-15","C25370","Code","http://www.cdisc.org","755d75b5-d3d7-454d-b408-e6b949c44c8a","Code_590","Exclusion Criteria"
"2023-12-15","C25370","Code","http://www.cdisc.org","d8490d72-224b-4bcd-bcc0-07de7b19288a","Code_591","Exclusion Criteria"
"2023-12-15","C25370","Code","http://www.cdisc.org","df82ef3d-d651-4550-9bca-c1ed56f0c51e","Code_592","Exclusion Criteria"
"2023-12-15","C25370","Code","http://www.cdisc.org","745ca795-3348-41a6-ab3e-b17044a47f92","Code_593","Exclusion Criteria"
"2023-12-15","C25370","Code","http://www.cdisc.org","f11d98a9-79b4-4075-a831-ac6e742c997b","Code_594","Exclusion Criteria"
"2023-12-15","C25370","Code","http://www.cdisc.org","e61cd6aa-5b84-4d4d-a33c-41e9e75ac587","Code_595","Exclusion Criteria"
"2023-12-15","C25370","Code","http://www.cdisc.org","297a84bd-6e5a-4627-abf7-bd39691dbd72","Code_596","Exclusion Criteria"
"2023-12-15","C25370","Code","http://www.cdisc.org","57a61d73-c3e7-4414-9244-b467ea0ec9ee","Code_597","Exclusion Criteria"
"2023-12-15","C25370","Code","http://www.cdisc.org","e120409d-45cf-4ceb-9543-f9b0abcc461a","Code_598","Exclusion Criteria"
"2023-12-15","C25370","Code","http://www.cdisc.org","27b6b637-9868-49e2-9b4d-a3f4cdd7dd7e","Code_599","Exclusion Criteria"
"2023-12-15","C25370","Code","http://www.cdisc.org","c8990345-8c0b-4ef7-ac82-73b448dca039","Code_600","Exclusion Criteria"
"2023-12-15","C25370","Code","http://www.cdisc.org","2ce52cf7-4e10-4f57-83bf-1d10bcb236c9","Code_601","Exclusion Criteria"
"2023-12-15","C29848","Code","http://www.cdisc.org","0cb613a3-21b0-47d1-8733-2340d3821fdf","Code_552","Year"
"2023-12-15","C201357","Code","http://www.cdisc.org","75d8ae1d-4ebb-44b0-b019-08b51599f205","Code_14","Before"
"2023-12-15","C201355","Code","http://www.cdisc.org","0856a3a6-5b8e-4d0d-a38a-c45fdc51018b","Code_15","Start to Start"
"2023-12-15","C201357","Code","http://www.cdisc.org","3e8293fd-e3f5-4d7d-86b8-7522ece1d8ff","Code_16","Before"
"2023-12-15","C201355","Code","http://www.cdisc.org","bff86f2f-ef22-41fa-bf83-341f12f4efce","Code_17","Start to Start"
"2023-12-15","C201358","Code","http://www.cdisc.org","0a2bbe7a-8a4e-4e7d-8da1-d60f43ac54fd","Code_19","Fixed Reference"
"2023-12-15","C201355","Code","http://www.cdisc.org","9b5eebf0-9b1a-44e7-a160-1894ca8844f9","Code_20","Start to Start"
"2023-12-15","C201356","Code","http://www.cdisc.org","652bb29d-aca7-4f5c-a43d-a35867e5d083","Code_21","After"
"2023-12-15","C201355","Code","http://www.cdisc.org","b24edf03-88b4-4f04-b34f-534a8837475f","Code_22","Start to Start"
"2023-12-15","C201356","Code","http://www.cdisc.org","67c415c4-400e-4dec-8959-2ad4567398d7","Code_24","After"
"2023-12-15","C201355","Code","http://www.cdisc.org","1870bc06-78bd-4f94-986a-2dbb02fc1341","Code_25","Start to Start"
"2023-12-15","C201356","Code","http://www.cdisc.org","5e06f7f3-1f66-4f18-84bf-a11079ac2e75","Code_27","After"
"2023-12-15","C201355","Code","http://www.cdisc.org","dc6d5443-d866-4811-ac95-9d3e38818d8a","Code_28","Start to Start"
"2023-12-15","C201356","Code","http://www.cdisc.org","8efebf2c-2e6b-494f-ae64-5627e0d71d3a","Code_30","After"
"2023-12-15","C201355","Code","http://www.cdisc.org","6959be0c-5eac-4d41-b0f7-460245981ebe","Code_31","Start to Start"
"2023-12-15","C201356","Code","http://www.cdisc.org","12937a63-18e2-4178-a39e-e3ec70151e28","Code_35","After"
"2023-12-15","C201355","Code","http://www.cdisc.org","60dd3fe4-4f00-438e-a231-4cfa78e8564d","Code_36","Start to Start"
"2023-12-15","C201356","Code","http://www.cdisc.org","d61a4bd1-63b6-42b2-981f-520582ee1073","Code_40","After"
"2023-12-15","C201355","Code","http://www.cdisc.org","8750d489-4c16-4508-b897-e750a2861817","Code_41","Start to Start"
"2023-12-15","C201356","Code","http://www.cdisc.org","67b47469-e8ad-4a1f-9ca3-35f935e67769","Code_45","After"
"2023-12-15","C201355","Code","http://www.cdisc.org","5643053d-6997-4a4a-b77e-621970cf1d02","Code_46","Start to Start"
"2023-12-15","C201356","Code","http://www.cdisc.org","7d29f0bf-2d3d-4717-8d06-b61acfd5ec51","Code_50","After"
"2023-12-15","C201355","Code","http://www.cdisc.org","156416b8-072c-49ea-9e7d-301dedb1766c","Code_51","Start to Start"
"2023-12-15","C201356","Code","http://www.cdisc.org","d11d05e5-9cd8-4619-be53-faf25d88fc43","Code_53","After"
"2023-12-15","C201355","Code","http://www.cdisc.org","6d433500-07e8-4b72-b57d-7c48f7633453","Code_54","Start to Start"
"2023-12-15","C201356","Code","http://www.cdisc.org","3917f0b0-d7b2-4d81-8f82-20afe0c50118","Code_33","After"
"2023-12-15","C201355","Code","http://www.cdisc.org","97b3edef-9dea-47ec-886c-3146b0e9a67b","Code_34","Start to Start"
"2023-12-15","C201356","Code","http://www.cdisc.org","2bf30a5d-07f3-4365-8ff5-6cb7dc21167b","Code_38","After"
"2023-12-15","C201355","Code","http://www.cdisc.org","fdbbdb85-188d-45e2-82f8-72ec6cf19976","Code_39","Start to Start"
"2023-12-15","C201356","Code","http://www.cdisc.org","aa33ab78-a33a-484b-a5c6-a69aa1b5187d","Code_43","After"
"2023-12-15","C201355","Code","http://www.cdisc.org","9589e650-7e0c-402d-9ecd-f3919c493696","Code_44","Start to Start"
"2023-12-15","C201356","Code","http://www.cdisc.org","8a29e29d-30b1-4211-8c4f-f45687b01d6e","Code_48","After"
"2023-12-15","C201355","Code","http://www.cdisc.org","e57ad03c-d4df-49a0-bae2-771b682e03da","Code_49","Start to Start"
"2023-12-15","C201358","Code","http://www.cdisc.org","b9076498-dc05-4491-9ff6-faf94de5d456","Code_56","Fixed Reference"
"2023-12-15","C201355","Code","http://www.cdisc.org","37d64aee-7b2d-4d47-9baf-b844cdcd42ce","Code_57","Start to Start"
"2023-12-15","C201358","Code","http://www.cdisc.org","9fea2296-7878-4ba1-aa7a-0b18d2a315bf","Code_58","Fixed Reference"
"2023-12-15","C201355","Code","http://www.cdisc.org","ac4c6d31-b1ee-4856-820c-d177c421bbfb","Code_59","Start to Start"
"2023-12-15","C201358","Code","http://www.cdisc.org","0370317c-cd46-4547-969d-72dffb5946f4","Code_60","Fixed Reference"
"2023-12-15","C201355","Code","http://www.cdisc.org","66e147e3-5ec6-4cf7-8ed7-57f5bdef3eca","Code_61","Start to Start"
"2023-12-15","C201356","Code","http://www.cdisc.org","5d689503-91a3-427f-b1b1-b92c978b1728","Code_62","After"
"2023-12-15","C201355","Code","http://www.cdisc.org","ea86df1d-eb7f-428a-bb38-185f920c7e78","Code_63","Start to Start"
"2023-12-15","C201356","Code","http://www.cdisc.org","57c3d569-c199-46a6-aaae-3eb6fedc7174","Code_64","After"
"2023-12-15","C201353","Code","http://www.cdisc.org","753674c5-2f76-44dd-9424-c330c6ee87a9","Code_65","End to Start"
"2023-12-15","C201356","Code","http://www.cdisc.org","eeaf474e-c134-4686-8b14-ec7f548c8aef","Code_66","After"
"2023-12-15","C201355","Code","http://www.cdisc.org","cb2961a5-7c9c-4c36-8661-9117676a19e5","Code_67","Start to Start"
"2023-12-15","C201356","Code","http://www.cdisc.org","193d7df1-384a-44bc-8f9c-b0723bbf34fd","Code_68","After"
"2023-12-15","C201353","Code","http://www.cdisc.org","01a7c367-7695-4c9a-9aa2-1ad1849af2cd","Code_69","End to Start"
"2023-12-15","C201356","Code","http://www.cdisc.org","9cdd2cba-0415-44f6-b64c-56759645ac22","Code_70","After"
"2023-12-15","C201355","Code","http://www.cdisc.org","58b25f34-7330-4535-8ed6-87e0d0299c20","Code_71","Start to Start"
"2023-12-15","C70793","Code","http://www.cdisc.org","610653a7-fba7-4e86-97a5-c6510a291b2d","Code_602","Clinical Study Sponsor"
"2020-08","GBR","Code","ISO 3166 1 alpha3","1d86a4e4-8500-49fa-bb07-100619042f89","Code_603","United Kingdom of Great Britain and Northern Ireland"
"2023-12-15","C94108","Code","http://www.cdisc.org","1e5c89dd-3856-4c3e-bcc3-52cea31b4a11","Code_3","Study Acronym"
"2023-12-15","C99905x1","Code","http://www.cdisc.org","d4c4b9a6-bcde-4086-9fec-1a2f6d9980db","Code_5","Brief Study Title"
"2023-12-15","C99905x2","Code","http://www.cdisc.org","8ec8dd4d-5f56-4984-a996-0b1f8b26ec9b","Code_6","Official Study Title"
"2023-12-15","C99905x3","Code","http://www.cdisc.org","79f20101-aa1a-4e02-a57e-69f088258898","Code_7","Public Study Title"
"2023-12-15","C25508","Code","http://www.cdisc.org","fa8dccf4-b505-4675-9767-e91e1e0b09a6","Code_8","Final"
"2023-12-15","C99903x1","Code","http://www.cdisc.org","56003e01-4259-4886-ab2c-0c80d685b814","Code_11","Protocol Effective Date"
"2023-12-15","C41129","Code","http://www.cdisc.org","ab780c23-f3b1-4d1d-9065-6e4045acf483","Code_13","Region"
"2020-08","150","Code","ISO 3166 1 alpha3","cdfc5d73-da26-468c-90d8-783b066016c9","Code_12","Europe"
