"uuid:ID","instanceType","codeSystem","decode","id","codeSystemVersion","code"
"954fb89d-1ac8-4447-877d-263b8449f343","Code","http://www.cdisc.org","Interventional Study","Code_1","2023-12-15","C98388"
"e4356c58-4617-4de3-b6a1-699602d7f176","Code","http://www.cdisc.org","Phase II Trial","Code_2","2023-12-15","C15601"
"18e58092-8125-491f-9026-98326ef8c40c","Code","http://www.cdisc.org","Sponsor Approval Date","Code_9","2023-12-15","C132352"
"752f4eb0-24bf-41b7-9e8a-c04fb77c0d0b","Code","http://www.cdisc.org","Global","Code_10","2023-12-15","C68846"
"2119b7fc-7d97-4716-9750-29c0c95613c9","Code","http://www.cdisc.org","IRB/IEC Feedback","Code_72","2023-12-15","C99904x3"
"ed658c47-f704-4d10-b02b-16164ac48f7c","Code","http://www.cdisc.org","Other","Code_73","2023-12-15","C17649"
"e911f765-9d98-4a91-b222-e266cda98db0","Code","http://www.cdisc.org","Region","Code_75","2023-12-15","C41129"
"3853e854-724f-4f43-a3a1-48ca66267390","Code","ISO 3166 1 alpha3","Europe","Code_74","2020-08","150"
"51fdff08-9246-4dcf-86c8-0bf0353c0fd6","Code","SPONSOR","Eli Lilly","Code_4","12","PHARMA"
"f4ebdc94-800a-4c15-b010-1f2be4598079","Code","http://www.cdisc.org","Clinical Study Sponsor","Code_76","2023-12-15","C70793"
"a0fcd869-4707-44ce-8fc1-187f3c10f0aa","Code","ISO 3166 1 alpha3","United States of America","Code_77","2020-08","USA"
"53f6ea20-c6fc-4369-b211-352d0105dc78","Code","http://www.cdisc.org","Study Registry","Code_78","2023-12-15","C93453"
"177550ca-02cb-45d5-9baa-194320d5dabf","Code","ISO 3166 1 alpha3","United States of America","Code_79","2020-08","USA"
"af95820e-847e-4ea5-bbbe-594e79300d6f","Code","http://www.cdisc.org","Treatment Study","Code_137","2023-12-15","C49656"
"34ae0248-73b3-46ce-98c7-85c3ec9e7980","Code","http://www.cdisc.org","Efficacy Study","Code_138","2023-12-15","C49666"
"c970e6d5-3108-43f0-9db7-7c4c914e1b8c","Code","http://www.cdisc.org","Safety Study","Code_139","2023-12-15","C49667"
"e78dd7f1-7d38-4cb6-ac08-11d1ed65ca9e","Code","http://www.cdisc.org","Pharmacokinetic Study","Code_140","2023-12-15","C49663"
"598d4dfe-80e5-436b-b9f6-2f31f4e4b6d5","Code","SPONSOR","Mild to Moderate Alzheimer's Disease","Code_134","12","MILD_MOD_ALZ"
"970f22bb-7a72-4168-9c6b-f2f854ad23e7","Code","SNOMED","Alzheimer's disease","Code_135","January 31, 2018","26929004"
"4df8667b-a184-4345-917f-02e039e771b9","Code","http://www.cdisc.org","EXTENSION","Code_143","2023-12-15","C99907x1"
"f9eb77c1-e0d4-4f52-b444-a9e53ce16bee","Code","http://www.cdisc.org","ADAPTIVE","Code_144","2023-12-15","C98704"
"2d6754e8-b1f9-4b3d-a12c-f0be8bcc5ffd","Code","http://www.cdisc.org","Parallel Study","Code_141","2023-12-15","C82639"
"950b2995-2656-474a-83b8-98b698709580","Code","http://www.cdisc.org","Visit","Code_83","2023-12-15","C25716"
"978e5415-2f23-4525-ab78-cc145095d1a8","Code","http://www.cdisc.org","Clinic","Code_84","2023-12-15","C51282"
"3094a3f5-036b-4f97-b808-a84deda00bd2","Code","http://www.cdisc.org","In Person","Code_85","2023-12-15","C175574"
"8126ab87-bfd9-41d6-b08a-6c624232d39f","Code","http://www.cdisc.org","Visit","Code_86","2023-12-15","C25716"
"49938bc9-ace9-4157-96dc-e870fb23ab81","Code","http://www.cdisc.org","Clinic","Code_87","2023-12-15","C51282"
"ca176475-8be1-4c05-8d42-3c2210ede213","Code","http://www.cdisc.org","In Person","Code_88","2023-12-15","C175574"
"468370d2-0978-43dc-96cd-80556f396735","Code","http://www.cdisc.org","Visit","Code_89","2023-12-15","C25716"
"826cb109-ab8d-4977-89a0-68bc0e8f8fba","Code","http://www.cdisc.org","Clinic","Code_90","2023-12-15","C51282"
"9262f2e0-4fa2-4149-b1a6-047e1d2c60e9","Code","http://www.cdisc.org","In Person","Code_91","2023-12-15","C175574"
"c4efe854-991d-4ffb-95a6-4f74a5f21fe3","Code","http://www.cdisc.org","Visit","Code_92","2023-12-15","C25716"
"19e126c8-cbdb-47fe-a8a6-174851dfadc6","Code","http://www.cdisc.org","Clinic","Code_93","2023-12-15","C51282"
"8185f5b0-5583-49c1-a12f-c281707359a9","Code","http://www.cdisc.org","In Person","Code_94","2023-12-15","C175574"
"3e7d15b0-a7de-48c5-a25d-c562a35dca64","Code","http://www.cdisc.org","Visit","Code_95","2023-12-15","C25716"
"bd67c4ef-e1d6-42b5-b563-e58cab3a57ea","Code","http://www.cdisc.org","Clinic","Code_96","2023-12-15","C51282"
"793a1bd7-bb1d-4f5e-8025-e93116200665","Code","http://www.cdisc.org","In Person","Code_97","2023-12-15","C175574"
"76b97d9c-4d49-4cbc-bfe6-67456f62a251","Code","http://www.cdisc.org","Visit","Code_98","2023-12-15","C25716"
"04129d58-e9d8-4014-b161-c51d086f8d31","Code","http://www.cdisc.org","Clinic","Code_99","2023-12-15","C51282"
"ef56947a-f7d7-420f-bf3b-268a01f45a1c","Code","http://www.cdisc.org","In Person","Code_100","2023-12-15","C175574"
"014c9664-6e59-416a-bd55-37703837194c","Code","http://www.cdisc.org","Visit","Code_101","2023-12-15","C25716"
"2e9e71c8-f7a3-4687-86ce-6cb97ebb1f9c","Code","http://www.cdisc.org","Clinic","Code_102","2023-12-15","C51282"
"5255934a-6218-4bad-8d55-18b5eadef21c","Code","http://www.cdisc.org","In Person","Code_103","2023-12-15","C175574"
"61906c5a-5fa1-42fd-9e0b-d652c8cfbeab","Code","http://www.cdisc.org","Telephone Call","Code_104","2023-12-15","C171537"
"9678e67c-acdf-4cf5-af7c-89f71c23fc8e","Code","http://www.cdisc.org","Visit","Code_105","2023-12-15","C25716"
"482f1f7e-3365-4634-bfeb-6b40c13cd7b5","Code","http://www.cdisc.org","Clinic","Code_106","2023-12-15","C51282"
"6aaf9a3d-5276-4618-8772-f54d8ae059d0","Code","http://www.cdisc.org","In Person","Code_107","2023-12-15","C175574"
"9daa8a4c-d596-4592-bc62-e85f6f6833fa","Code","http://www.cdisc.org","Telephone Call","Code_108","2023-12-15","C171537"
"6fc976b7-1c28-4178-a529-1e9795ca8010","Code","http://www.cdisc.org","Visit","Code_109","2023-12-15","C25716"
"663b2449-bc79-41e1-a650-cf7155a133e7","Code","http://www.cdisc.org","Clinic","Code_110","2023-12-15","C51282"
"28e272f8-d89f-482b-947e-8a9531a1c3bf","Code","http://www.cdisc.org","In Person","Code_111","2023-12-15","C175574"
"3fad0859-81e2-415e-961c-fc08c992338e","Code","http://www.cdisc.org","Telephone Call","Code_112","2023-12-15","C171537"
"620ef2a2-8fd2-4244-a15b-8d73df21a6c2","Code","http://www.cdisc.org","Visit","Code_113","2023-12-15","C25716"
"30a9692e-3cee-48cf-8ad5-45a43b1c74af","Code","http://www.cdisc.org","Clinic","Code_114","2023-12-15","C51282"
"0badb043-3e26-4f5e-8021-ff95cb7c1081","Code","http://www.cdisc.org","In Person","Code_115","2023-12-15","C175574"
"114a608e-c44e-47f4-9d67-15c4c59e136f","Code","http://www.cdisc.org","Telephone Call","Code_116","2023-12-15","C171537"
"31555609-53d1-4b65-9473-5b2d83e7c37d","Code","http://www.cdisc.org","Visit","Code_117","2023-12-15","C25716"
"c5c23dcd-e8ac-475b-affb-f7013074513b","Code","http://www.cdisc.org","Clinic","Code_118","2023-12-15","C51282"
"159c8796-d0a3-47cb-8f20-d9d8e1cc814b","Code","http://www.cdisc.org","In Person","Code_119","2023-12-15","C175574"
"54bcb0ad-bef7-4650-b663-af47c98987d8","Code","http://www.cdisc.org","Visit","Code_120","2023-12-15","C25716"
"40651601-68d8-48c2-ae81-5db0d0c73d63","Code","http://www.cdisc.org","Clinic","Code_121","2023-12-15","C51282"
"a61a3870-8484-4c8f-9840-e3145903807b","Code","http://www.cdisc.org","In Person","Code_122","2023-12-15","C175574"
"922c915c-a10a-4060-af45-28edb9622f57","Code","SNOMED","CT of head without contrast","Code_80","January 31, 2018","383371000119108"
"5a8beb91-609c-4fcf-a850-580a6000a2b6","Code","SPONSOR","Subject Supine","Code_81","12","123"
"5596b7f4-5665-47c4-84b2-d8fb386c98ab","Code","SPONSOR","Subject Standing","Code_82","12","124"
"17b63407-70de-4192-b707-8de4f017e7a7","Code","http://www.cdisc.org","Dictionary-derived Term","Code_429","2023-12-15","C82977"
"08af0fe8-ecab-4293-8ae4-de8400381568","Code","http://www.cdisc.org","Reported Event Term","Code_430","2023-12-15","C82571"
"cf140038-46c5-45fc-8747-802f4e3280fa","Code","http://www.cdisc.org","Observation Start Date Time","Code_431","2023-12-15","C82517"
"5ed75a75-a23d-4b2c-9fd5-532323eeb9b8","Code","http://www.cdisc.org","Informed Consent","Code_432","2023-12-15","C16735"
"7712e1c4-07a4-487b-83dc-69bc087d12c7","Code","http://www.cdisc.org","Male","Code_433","2023-12-15","C20197"
"7d9e2da7-dbab-40f0-b75c-f75f8306c3dc","Code","http://www.cdisc.org","Female","Code_434","2023-12-15","C16576"
"2024a7d7-4ed5-41e4-930f-0454bf0d79e9","Code","http://www.cdisc.org","Sex","Code_435","2023-12-15","C28421"
"038c0f9b-7c90-4ef7-a35f-d4fa99b3f264","Code","http://www.cdisc.org","Sex","Code_436","2023-12-15","C28421"
"7438851a-1bbe-4da5-b02d-17da5c0c38c2","Code","http://www.cdisc.org","Race","Code_437","2023-12-15","C17049"
"9ca0e48e-67d1-4474-b743-3adadece7507","Code","http://www.cdisc.org","Race","Code_438","2023-12-15","C17049"
"fde434d6-e5d6-4688-9ec1-d6c4e285ca62","Code","http://www.cdisc.org","TEMP","Code_439","2023-12-15","C174446"
"cbb2ec3c-dff9-43b6-8ccd-9ad229672de6","Code","http://www.cdisc.org","Clinical Test Result","Code_440","2023-12-15","C77140"
"14cb4a63-d794-45c1-ac5a-61159395407f","Code","http://www.cdisc.org","Degree Celsius","Code_441","2023-12-15","C42559"
"d395b3ce-b618-4e0d-b761-86084ad6a6e7","Code","http://www.cdisc.org","Degree Fahrenheit","Code_442","2023-12-15","C44277"
"d3ccdbb1-fb0e-45b5-8b8c-39c813bb88f1","Code","http://www.cdisc.org","Kelvin","Code_443","2023-12-15","C42537"
"f9d47738-b2df-422a-ac8b-70008b6468e1","Code","http://www.cdisc.org","Unit of Temperature","Code_444","2023-12-15","C44276"
"7e5d07db-582f-4ebb-a308-ea7c0cf4018d","Code","http://www.cdisc.org","Axilla","Code_445","2023-12-15","C12674"
"34d3b8a9-6761-441f-b0a6-65fc3e1179c6","Code","http://www.cdisc.org","Ear","Code_446","2023-12-15","C12394"
"3915ee35-9733-403d-9834-7fd3c5cbfa86","Code","http://www.cdisc.org","Forehead","Code_447","2023-12-15","C89803"
"10b9b167-072f-429f-8c5d-f0276250993c","Code","http://www.cdisc.org","Oral Cavity","Code_448","2023-12-15","C12421"
"691d21d8-dd8b-4e83-a8cb-e6f099e38556","Code","http://www.cdisc.org","Rectum","Code_449","2023-12-15","C12390"
"b0101fe2-c9af-4585-a30b-b31af9b2b75e","Code","http://www.cdisc.org","Anatomic Site","Code_450","2023-12-15","C13717"
"027851cf-60a1-41e9-8978-d20effe402ee","Code","http://www.cdisc.org","TEMP","Code_451","2023-12-15","C174446"
"8f52fc2b-6c8b-4b76-b635-522955bdf45e","Code","http://www.cdisc.org","WEIGHT","Code_452","2023-12-15","C25208"
"78815587-0cfa-4827-b794-8f663c61c4c1","Code","http://www.cdisc.org","Clinical Test Result","Code_453","2023-12-15","C77140"
"614e85b3-d907-4b0f-9ebb-181db4a2140e","Code","http://www.cdisc.org","Pound","Code_454","2023-12-15","C48531"
"79babd1c-b001-4054-b5de-b02b10471785","Code","http://www.cdisc.org","Gram","Code_455","2023-12-15","C48155"
"2cb56341-0ab9-4509-84d7-ac46f550cee4","Code","http://www.cdisc.org","Kilogram","Code_456","2023-12-15","C28252"
"78522def-d4ac-4e1f-b8a4-5d047e87c5d5","Code","http://www.cdisc.org","Unit of Weight","Code_457","2023-12-15","C48208"
"c3fe1b97-4da6-40c2-9ce0-5e91a02cc6ba","Code","http://www.cdisc.org","WEIGHT","Code_458","2023-12-15","C25208"
"1258db8e-b653-42f3-b8e9-a847accedde6","Code","http://www.cdisc.org","HEIGHT","Code_459","2023-12-15","C25347"
"aa44a6d2-e055-4219-aaab-339681009069","Code","http://www.cdisc.org","Clinical Test Result","Code_460","2023-12-15","C77140"
"a4b40fb6-6ba9-45ec-9ca3-2dd118c1eee8","Code","http://www.cdisc.org","Centimeter","Code_461","2023-12-15","C49668"
"dd861fde-3a43-4d5d-bfb3-813b96418283","Code","http://www.cdisc.org","Inch","Code_462","2023-12-15","C48500"
"4e8c2fdf-441f-48a3-8efd-a4367200022e","Code","http://www.cdisc.org","Meter","Code_463","2023-12-15","C41139"
"2c8df677-3aea-44ef-866e-504be56e7777","Code","http://www.cdisc.org","Unit of Height","Code_464","2023-12-15","C168688"
"338c955b-90eb-4cef-b5e9-49614c2292f5","Code","http://www.cdisc.org","HEIGHT","Code_465","2023-12-15","C25347"
"f0bba131-4eb3-43eb-a381-0e9af8997474","Code","http://www.cdisc.org","ALT","Code_466","2023-12-15","C64433"
"6cac1f4f-a8da-4161-93a4-52e0875e7b02","Code","http://www.cdisc.org","Laboratory Test Result","Code_467","2023-12-15","C36292"
"1951c922-4bc9-4a36-b5f6-4e6adebeef79","Code","http://www.cdisc.org","Unit per Liter","Code_468","2023-12-15","C67456"
"005e3979-2c80-4163-857d-2709608a192f","Code","http://www.cdisc.org","Microkatal per Liter","Code_469","2023-12-15","C67397"
"5f0fb3b5-e91b-41ce-988c-8b3ee1b0b8a0","Code","http://www.cdisc.org","International Unit per Liter","Code_470","2023-12-15","C67376"
"d173dbba-d18f-4267-9be0-d8b3e65622cf","Code","http://www.cdisc.org","Nanokatal per Liter","Code_471","2023-12-15","C70510"
"a9940b04-d238-4fa2-b862-7f5d96846b31","Code","http://www.cdisc.org","Unit of Catalytic Activity Concentration","Code_472","2023-12-15","C67365"
"a18cc18a-894f-4146-8653-97655d83c6b5","Code","http://www.cdisc.org","Biospecimen Type","Code_473","2023-12-15","C70713"
"3659ff25-08ac-4e05-bad7-aba5d9def04b","Code","http://www.cdisc.org","No","Code_474","2023-12-15","C49487"
"49867151-6f9f-4496-97af-bfb0b0a24451","Code","http://www.cdisc.org","Yes","Code_475","2023-12-15","C49488"
"96cc3c7e-f49d-4f04-830d-9134d9763a0b","Code","http://www.cdisc.org","Laboratory Test Fasting Status","Code_476","2023-12-15","C83309"
"8b2a3872-5bbd-407a-9cd2-bd2f16224aba","Code","http://www.cdisc.org","ALT","Code_477","2023-12-15","C64433"
"60ac5d35-90ca-4de5-8e82-077afd5c2618","Code","http://www.cdisc.org","ALB","Code_478","2023-12-15","C64431"
"55884669-1f28-4bcc-96c5-1a29ac1e4a64","Code","http://www.cdisc.org","Laboratory Test Result","Code_479","2023-12-15","C36292"
"f418c25a-4878-4468-b87b-4575e2e812e7","Code","http://www.cdisc.org","Biospecimen Type","Code_480","2023-12-15","C70713"
"90168e67-413b-4636-a1fb-80b69e12757f","Code","http://www.cdisc.org","No","Code_481","2023-12-15","C49487"
"f54a9f8c-83b4-4bb4-9bd5-7e79288ca47f","Code","http://www.cdisc.org","Yes","Code_482","2023-12-15","C49488"
"56907b4e-087f-4068-88b8-194844c65433","Code","http://www.cdisc.org","Laboratory Test Fasting Status","Code_483","2023-12-15","C83309"
"12a210dd-bed4-40c8-8413-0f2f9d871da4","Code","http://www.cdisc.org","ALB","Code_484","2023-12-15","C64431"
"ecab3f43-62f6-4cd7-8a90-81fb61881b8c","Code","http://www.cdisc.org","ALP","Code_485","2023-12-15","C64432"
"710327fd-e483-421c-8858-ede356f4d303","Code","http://www.cdisc.org","Laboratory Test Result","Code_486","2023-12-15","C36292"
"f459e446-7235-470b-ac22-bd7f0d7ca95c","Code","http://www.cdisc.org","Unit per Liter","Code_487","2023-12-15","C67456"
"9f0e35fc-e267-40c6-8e32-40118e8639a1","Code","http://www.cdisc.org","Microkatal per Liter","Code_488","2023-12-15","C67397"
"0a9513f9-e635-4c01-ac2b-403afdd66bcd","Code","http://www.cdisc.org","International Unit per Liter","Code_489","2023-12-15","C67376"
"4c41f22d-dc34-40e2-89db-11b21ab42b2c","Code","http://www.cdisc.org","Unit of Catalytic Activity Concentration","Code_490","2023-12-15","C67365"
"7ad68517-ac2b-450a-963f-d34c74e7145f","Code","http://www.cdisc.org","Biospecimen Type","Code_491","2023-12-15","C70713"
"381198ee-1be2-4d76-add6-cc913dcda494","Code","http://www.cdisc.org","No","Code_492","2023-12-15","C49487"
"0b1cc643-7131-4494-9a92-5daeefcbdba5","Code","http://www.cdisc.org","Yes","Code_493","2023-12-15","C49488"
"5f919d52-1215-42fa-aa90-17cd3433d3fe","Code","http://www.cdisc.org","Laboratory Test Fasting Status","Code_494","2023-12-15","C83309"
"2d149f51-07e9-4b43-bcb8-5d99c8b91b8a","Code","http://www.cdisc.org","ALP","Code_495","2023-12-15","C64432"
"6cb6acd6-a410-401b-a90e-22f1611e27f7","Code","http://www.cdisc.org","AST","Code_496","2023-12-15","C64467"
"41dba312-49cd-47ce-b8eb-8e653c114474","Code","http://www.cdisc.org","Laboratory Test Result","Code_497","2023-12-15","C36292"
"5682044e-b11f-4128-a88c-959608eecea2","Code","http://www.cdisc.org","Unit per Liter","Code_498","2023-12-15","C67456"
"c82d1b16-685a-4f26-bfbd-8eb5dafe96dc","Code","http://www.cdisc.org","Microkatal per Liter","Code_499","2023-12-15","C67397"
"b0be5113-ba91-4395-9d29-46bdd64bc9b1","Code","http://www.cdisc.org","International Unit per Liter","Code_500","2023-12-15","C67376"
"aac8cac9-90f0-4142-b230-0f79532d4236","Code","http://www.cdisc.org","Unit of Catalytic Activity Concentration","Code_501","2023-12-15","C67365"
"3a1f8bcf-9b63-4a01-ad64-18bdbfd7e07e","Code","http://www.cdisc.org","Biospecimen Type","Code_502","2023-12-15","C70713"
"b1ac98de-8ed7-41c1-8f71-db1200e8f0c1","Code","http://www.cdisc.org","No","Code_503","2023-12-15","C49487"
"883c2746-088a-4d53-8af8-1300dc86b6ed","Code","http://www.cdisc.org","Yes","Code_504","2023-12-15","C49488"
"a46af8c9-5d6a-4ff5-86c0-75c70f4d6439","Code","http://www.cdisc.org","Laboratory Test Fasting Status","Code_505","2023-12-15","C83309"
"432f0472-815d-4400-80a8-a021b95a8315","Code","http://www.cdisc.org","AST","Code_506","2023-12-15","C64467"
"df7b28ea-de0a-465d-aaac-a16c80617b19","Code","http://www.cdisc.org","CREAT","Code_507","2023-12-15","C64547"
"09f45a70-cf99-4de9-af27-a0e358e1aaf9","Code","http://www.cdisc.org","Laboratory Test Result","Code_508","2023-12-15","C36292"
"89e42436-81ce-4695-a961-af4d227c7a6d","Code","http://www.cdisc.org","Milligram per Deciliter","Code_509","2023-12-15","C67015"
"324653e2-2a9e-42fe-be5d-211d7a848170","Code","http://www.cdisc.org","Microgram per Milliliter","Code_510","2023-12-15","C64572"
"e6b98919-0236-4de3-9f92-29950df35896","Code","http://www.cdisc.org","Millimole per Liter","Code_511","2023-12-15","C64387"
"88f196ef-d5f7-40e2-ad44-83a3799ce7ac","Code","http://www.cdisc.org","Micromole per Liter","Code_512","2023-12-15","C48508"
"bf9948fd-9b89-45f9-82aa-00b299ebe0d8","Code","http://www.cdisc.org","Unit of Concentration","Code_513","2023-12-15","C48207"
"9208d5db-107e-40ff-a240-1d7352260efc","Code","http://www.cdisc.org","Biospecimen Type","Code_514","2023-12-15","C70713"
"aebcef85-4e46-4e9f-8f53-570f687f18d1","Code","http://www.cdisc.org","No","Code_515","2023-12-15","C49487"
"7bd19c9f-0637-4c17-841e-f80de0b593ec","Code","http://www.cdisc.org","Yes","Code_516","2023-12-15","C49488"
"caaf57e6-768b-48bd-9995-5c74c791e45d","Code","http://www.cdisc.org","Laboratory Test Fasting Status","Code_517","2023-12-15","C83309"
"7e17dcc9-1aca-43d8-85db-7ff8dc4583b0","Code","http://www.cdisc.org","CREAT","Code_518","2023-12-15","C64547"
"e93d5e76-2831-458f-9847-87eb83552b94","Code","http://www.cdisc.org","K","Code_519","2023-12-15","C64853"
"fbe34912-20ee-40f0-9222-3f19b9acd84f","Code","http://www.cdisc.org","Laboratory Test Result","Code_520","2023-12-15","C36292"
"af1dcceb-acc4-4cb2-a955-1f08daeda6ee","Code","http://www.cdisc.org","Milliequivalent per Liter","Code_521","2023-12-15","C67474"
"0b01a724-8f5b-4bf1-9ac3-f2504391f9aa","Code","http://www.cdisc.org","Milliequivalent per Deciliter","Code_522","2023-12-15","C67473"
"b9cffe5f-7cea-4665-a3d3-0dbbe41eb42a","Code","http://www.cdisc.org","Millimole per Liter","Code_523","2023-12-15","C64387"
"d656a8a3-8ebe-4020-bcf4-32f4ac027a4f","Code","http://www.cdisc.org","Molarity Unit","Code_524","2023-12-15","C64567"
"afd494cc-f5f9-417e-8e27-29eb23d2ce14","Code","http://www.cdisc.org","Biospecimen Type","Code_525","2023-12-15","C70713"
"fdeadba0-53f9-4b3d-ac21-f2ed47081eda","Code","http://www.cdisc.org","No","Code_526","2023-12-15","C49487"
"e6d59fc6-a985-40c2-b564-2c4cc4c57d99","Code","http://www.cdisc.org","Yes","Code_527","2023-12-15","C49488"
"15d968e6-c288-46fb-a6c1-8093572f52f2","Code","http://www.cdisc.org","Laboratory Test Fasting Status","Code_528","2023-12-15","C83309"
"09bfad7b-3425-49e6-8b0a-768a8ba91d90","Code","http://www.cdisc.org","K","Code_529","2023-12-15","C64853"
"687e4c07-0783-47aa-94fc-3ebf40c54eb8","Code","http://www.cdisc.org","SODIUM","Code_530","2023-12-15","C64809"
"ceb5c8c2-29b5-4e5d-9992-d5bc9b472caf","Code","http://www.cdisc.org","Laboratory Test Result","Code_531","2023-12-15","C36292"
"b5991018-d7af-4cdb-8455-f90a2c6343c4","Code","http://www.cdisc.org","Milliequivalent per Liter","Code_532","2023-12-15","C67474"
"29f95688-b423-46d3-909a-f5f1873eb982","Code","http://www.cdisc.org","Milliequivalent per Deciliter","Code_533","2023-12-15","C67473"
"706af1ec-3ba4-4acf-a1ea-0b7152c61805","Code","http://www.cdisc.org","Millimole per Liter","Code_534","2023-12-15","C64387"
"406d72e1-f802-46e9-b74d-41d039c91c69","Code","http://www.cdisc.org","Molarity Unit","Code_535","2023-12-15","C64567"
"a59dded9-e55e-4b2b-b671-61761fffb3e6","Code","http://www.cdisc.org","Biospecimen Type","Code_536","2023-12-15","C70713"
"2db75a2c-6c79-4593-8c51-b124c96ac4ae","Code","http://www.cdisc.org","No","Code_537","2023-12-15","C49487"
"f2f6b579-16f9-4b68-96d4-a1f64617e906","Code","http://www.cdisc.org","Yes","Code_538","2023-12-15","C49488"
"c7bb824b-22f2-447b-9074-caa83ca0bae0","Code","http://www.cdisc.org","Laboratory Test Fasting Status","Code_539","2023-12-15","C83309"
"22ecac1a-4635-4882-b10e-d0b59d343c83","Code","http://www.cdisc.org","SODIUM","Code_540","2023-12-15","C64809"
"a10f972a-09df-4d74-aff4-a26dc4cce432","Code","http://www.cdisc.org","HBA1C","Code_541","2023-12-15","C64849"
"75a2beee-abbc-42ab-84cf-9e1f41f742d8","Code","http://www.cdisc.org","Laboratory Test Result","Code_542","2023-12-15","C36292"
"ebade5e3-711d-42a9-9419-e4a02708cf68","Code","http://www.cdisc.org","Gram per Deciliter","Code_543","2023-12-15","C64783"
"6bd8d9c1-2f8b-4c68-b71b-4f94dbc8cc8b","Code","http://www.cdisc.org","LBORRESU","Code_544","2023-12-15","No Concept Code"
"defa32b1-4287-4a1e-adeb-51818363693e","Code","http://www.cdisc.org","Biospecimen Type","Code_545","2023-12-15","C70713"
"7550c7de-c57a-4ae5-ad36-90ef18d64910","Code","http://www.cdisc.org","No","Code_546","2023-12-15","C49487"
"49ee940f-f3c7-4476-8be3-708023c6167b","Code","http://www.cdisc.org","Yes","Code_547","2023-12-15","C49488"
"28577464-dd1a-4210-b750-7f52fbca8fac","Code","http://www.cdisc.org","Laboratory Test Fasting Status","Code_548","2023-12-15","C83309"
"16f13a87-7854-4e0a-9b78-494e7fda0db6","Code","http://www.cdisc.org","HBA1C","Code_549","2023-12-15","C64849"
"57c944a2-464b-4f89-ab8a-7fddca8dc55d","Code","http://www.cdisc.org","Adverse Event Verbatim Description","Code_145","2023-12-15","C78541"
"b148a043-89d2-40bf-8cc8-a74c68bd6655","Code","http://www.cdisc.org","Adverse Event Dictionary Derived Term","Code_146","2023-12-15","C83344"
"a73e7479-3c45-47ed-a150-001b58eb39da","Code","http://www.cdisc.org","No","Code_147","2023-12-15","C49487"
"4195accd-ae14-4f95-9989-35b1007a9366","Code","http://www.cdisc.org","Yes","Code_148","2023-12-15","C49488"
"6290ac74-00fb-48c4-9436-3ff98e9917b4","Code","http://www.cdisc.org","Adverse Event Pre-specified","Code_149","2023-12-15","C87840"
"face46c1-539c-4b11-bd3e-d1ef827a83e1","Code","http://www.cdisc.org","Adverse Event Location","Code_150","2023-12-15","C83205"
"96ea7e9f-4361-4c16-8569-b575f9ac90fa","Code","http://www.cdisc.org","Severity of Adverse Event","Code_151","2023-12-15","C53253"
"55c03622-b033-4180-bff8-aa4655ee2048","Code","http://www.cdisc.org","No","Code_152","2023-12-15","C49487"
"5979dd2d-d9a3-4f12-bd04-411357c7d61d","Code","http://www.cdisc.org","Yes","Code_153","2023-12-15","C49488"
"e57be157-1c86-4eec-b7e4-93eccb9a170d","Code","http://www.cdisc.org","Seriousness of Adverse Event","Code_154","2023-12-15","C53252"
"c919d792-c1a1-4175-bc2d-577ab5885063","Code","http://www.cdisc.org","Adverse Event Action Taken with Study Treatment","Code_155","2023-12-15","C83013"
"dc18fb06-4662-4b55-b5e4-3efd0de51272","Code","http://www.cdisc.org","Other Actions taken in Response to Adverse Event","Code_156","2023-12-15","C83109"
"c32afdf0-dea8-4266-b486-601ae0a3800a","Code","http://www.cdisc.org","Adverse Event Attribution to Product or Procedure","Code_157","2023-12-15","C41358"
"2a9cdf3f-181e-4b5c-b019-9aca38e1441b","Code","http://www.cdisc.org","Adverse Event Relationship to Non Study Treatment","Code_158","2023-12-15","C83210"
"74002a37-f6f1-4562-8fb6-e13fd72406b5","Code","http://www.cdisc.org","Adverse Event Pattern","Code_159","2023-12-15","C83208"
"8086d4ca-b0e3-486d-8e79-3a3ebf0d732d","Code","http://www.cdisc.org","Adverse Event Outcome","Code_160","2023-12-15","C49489"
"a7eb4724-9a7a-4535-be6d-f975164e4fe1","Code","http://www.cdisc.org","No","Code_161","2023-12-15","C49487"
"ef2c4669-35e3-4a18-a126-c4409896e7ba","Code","http://www.cdisc.org","Yes","Code_162","2023-12-15","C49488"
"b6a0cd50-01d1-429e-8530-5ed78e53326c","Code","http://www.cdisc.org","Adverse Event Involves Cancer","Code_163","2023-12-15","C83211"
"e74d87bd-64ad-42a1-a54f-3cb692d260ff","Code","http://www.cdisc.org","No","Code_164","2023-12-15","C49487"
"ffe40ce0-cdf7-4963-b139-3cd7bb89349f","Code","http://www.cdisc.org","Yes","Code_165","2023-12-15","C49488"
"b023c988-331b-4ad7-b63a-04568b0a36e9","Code","http://www.cdisc.org","Adverse Event Seriousness Due to Congenital Anomaly","Code_166","2023-12-15","C83117"
"52718a15-0a52-4afb-b9d8-e1e573761c0d","Code","http://www.cdisc.org","No","Code_167","2023-12-15","C49487"
"ba0a01aa-a041-4e84-9efb-d77654fa70a3","Code","http://www.cdisc.org","Yes","Code_168","2023-12-15","C49488"
"1bc2e646-f69b-428b-af40-300ee0a2215c","Code","http://www.cdisc.org","Disabling Adverse Event","Code_169","2023-12-15","C113380"
"66104b1d-b22f-4522-a808-cc714cd63a20","Code","http://www.cdisc.org","No","Code_170","2023-12-15","C49487"
"79bd27a1-1e39-4ffe-b3dc-9f0ede72b2c8","Code","http://www.cdisc.org","Yes","Code_171","2023-12-15","C49488"
"a9b808fa-5ba7-4a91-be5e-2e932b04a341","Code","http://www.cdisc.org","Death Related to Adverse Event","Code_172","2023-12-15","C48275"
"527a6713-1759-41f3-8646-9add7c4702e2","Code","http://www.cdisc.org","No","Code_173","2023-12-15","C49487"
"6533db6c-69fc-4b5f-b2c8-ab23af5a8bac","Code","http://www.cdisc.org","Yes","Code_174","2023-12-15","C49488"
"a6f0ae98-6cfb-4034-9b72-f6147e5f8ece","Code","http://www.cdisc.org","Adverse Event associated with Hospitalization","Code_175","2023-12-15","C83052"
"1a21b15e-c305-4297-9503-3e2841abdaa6","Code","http://www.cdisc.org","No","Code_176","2023-12-15","C49487"
"b8619313-daf5-4d6e-88b2-a90e1ab63d9b","Code","http://www.cdisc.org","Yes","Code_177","2023-12-15","C49488"
"3377f4e6-9ee9-4944-8ce0-92be98390e3b","Code","http://www.cdisc.org","Life Threatening Adverse Event","Code_178","2023-12-15","C84266"
"e5404402-ed45-47a3-95d9-56209556491b","Code","http://www.cdisc.org","No","Code_179","2023-12-15","C49487"
"b3c1d550-5dd8-4c01-b8f4-5d444dbc60b1","Code","http://www.cdisc.org","Yes","Code_180","2023-12-15","C49488"
"f4e1bd03-50ff-470c-be41-0ad654287aa1","Code","http://www.cdisc.org","Adverse Event Occurred with Overdose","Code_181","2023-12-15","C83214"
"6f5791a6-fb04-4ca7-85e7-06317f30bb1f","Code","http://www.cdisc.org","No","Code_182","2023-12-15","C49487"
"be0e2828-12e3-4c29-8f65-36d34a292338","Code","http://www.cdisc.org","Yes","Code_183","2023-12-15","C49488"
"1bec93a0-b259-4376-b3b0-51cd966e5d53","Code","http://www.cdisc.org","Adverse Event Associated with Serious Medical Event","Code_184","2023-12-15","C83053"
"11bf748f-07e4-4147-a335-5853dc866cab","Code","http://www.cdisc.org","No","Code_185","2023-12-15","C49487"
"0bafc053-0834-41c5-ab8e-47fdc81e6b1c","Code","http://www.cdisc.org","Yes","Code_186","2023-12-15","C49488"
"d343a8aa-91fd-4289-9683-9b7e70ee9946","Code","http://www.cdisc.org","Adverse Event Concomitant Treatment","Code_187","2023-12-15","C83199"
"f19c48b7-e975-4bff-b333-c565dbf483b7","Code","http://www.cdisc.org","Adverse Event Start Date Time","Code_188","2023-12-15","C83215"
"e3f7ac50-fe75-4e2e-897b-7eee0fd7eb72","Code","http://www.cdisc.org","Adverse Event End Date Time","Code_189","2023-12-15","C83201"
"4690b1c0-c0f1-4801-8094-ac20b36e42f0","Code","http://www.cdisc.org","Solicited Adverse Event","Code_190","2023-12-15","C179175"
"c9d20802-82bb-4228-8e44-c571af31ab86","Code","http://www.cdisc.org","SYSBP","Code_191","2023-12-15","C25298"
"9ecfabf8-dbb1-458f-83a7-32087a508f7f","Code","http://www.cdisc.org","Clinical Test Result","Code_192","2023-12-15","C77140"
"6c3e51de-3500-4713-9738-44813f778b2a","Code","http://www.cdisc.org","Unit of Pressure","Code_193","2023-12-15","C49669"
"74f01af9-ae09-4b39-900d-2b1ff4b4a03d","Code","http://www.cdisc.org","Sitting","Code_194","2023-12-15","C62122"
"e6e64a90-9c80-4106-9154-56d7337eea28","Code","http://www.cdisc.org","Standing","Code_195","2023-12-15","C62166"
"7bb34c55-eee8-4619-80af-ee794b16911b","Code","http://www.cdisc.org","Supine Position","Code_196","2023-12-15","C62167"
"a45dcb92-b61b-441c-a3f6-8a189a4321d0","Code","http://www.cdisc.org","Body Position","Code_197","2023-12-15","C62164"
"dd299f8c-cb1c-4fc8-ac75-3e5b995f323b","Code","http://www.cdisc.org","Brachial Artery","Code_198","2023-12-15","C12681"
"47218f79-65ee-41e4-9e5e-16af1edbc581","Code","http://www.cdisc.org","Common Carotid Artery","Code_199","2023-12-15","C12687"
"60207280-c709-4d95-bd00-b1a02095054c","Code","http://www.cdisc.org","Dorsalis Pedis Artery","Code_200","2023-12-15","C32478"
"d8c955c3-e594-4ddd-bb74-81fcb66d6f0a","Code","http://www.cdisc.org","Femoral Artery","Code_201","2023-12-15","C12715"
"af05c72c-d3d4-43e4-83f3-5bf1148c817f","Code","http://www.cdisc.org","Radial Artery","Code_202","2023-12-15","C12838"
"bd8c5716-9fb5-43d2-97d2-d4bc32e5fefc","Code","http://www.cdisc.org","Anatomic Site","Code_203","2023-12-15","C13717"
"79e08f48-7d7d-4127-9ba2-3ce17fee8f54","Code","http://www.cdisc.org","Left","Code_204","2023-12-15","C25229"
"be85ade7-e9da-4e2d-b0f4-4d4bf372167d","Code","http://www.cdisc.org","Right","Code_205","2023-12-15","C25228"
"a1d0024d-1aa0-4781-bc57-54d0f772bdd9","Code","http://www.cdisc.org","Laterality","Code_206","2023-12-15","C25185"
"a1cfb990-fa18-41d7-8239-a06aaedf95c5","Code","http://www.cdisc.org","SYSBP","Code_207","2023-12-15","C25298"
"15cc9fc5-4433-4701-a431-3fefd2180df8","Code","http://www.cdisc.org","DIABP","Code_208","2023-12-15","C25299"
"c6a58f0c-2dcc-46ca-80fc-ec5155067de0","Code","http://www.cdisc.org","Clinical Test Result","Code_209","2023-12-15","C77140"
"6477e6b1-f7bb-4cce-a875-f3326257f308","Code","http://www.cdisc.org","Unit of Pressure","Code_210","2023-12-15","C49669"
"4ecb9e56-4d02-4a50-94dc-8eef4cff4be6","Code","http://www.cdisc.org","Sitting","Code_211","2023-12-15","C62122"
"f59cf7df-1432-4a58-b5fb-60b84b078efa","Code","http://www.cdisc.org","Standing","Code_212","2023-12-15","C62166"
"410f9bcb-ea37-43b8-bb94-ab5511b077df","Code","http://www.cdisc.org","Supine Position","Code_213","2023-12-15","C62167"
"6db1c7d3-b546-4804-8ccf-9d9618ff165a","Code","http://www.cdisc.org","Body Position","Code_214","2023-12-15","C62164"
"d9223209-7f8a-4613-b2d8-f2c5cc42c2c9","Code","http://www.cdisc.org","Brachial Artery","Code_215","2023-12-15","C12681"
"f970cf97-2d67-44af-addd-4683d6a1354b","Code","http://www.cdisc.org","Common Carotid Artery","Code_216","2023-12-15","C12687"
"eb7291ee-4e5f-46b8-99f0-788efa45f607","Code","http://www.cdisc.org","Dorsalis Pedis Artery","Code_217","2023-12-15","C32478"
"3e4b43ed-69ce-4215-a88e-164f22342b72","Code","http://www.cdisc.org","Femoral Artery","Code_218","2023-12-15","C12715"
"1a02cd54-aa5c-4ca8-ba37-c51a695bd6cc","Code","http://www.cdisc.org","Radial Artery","Code_219","2023-12-15","C12838"
"6a262546-e3fb-49cc-8d9a-fe9f9f21dedd","Code","http://www.cdisc.org","Anatomic Site","Code_220","2023-12-15","C13717"
"245c61e4-095c-461d-abae-64c3183ae652","Code","http://www.cdisc.org","Left","Code_221","2023-12-15","C25229"
"721cd288-ec35-4a20-bff4-e86b31bcc6e8","Code","http://www.cdisc.org","Right","Code_222","2023-12-15","C25228"
"b718b944-632b-4053-942d-dddeb1139fba","Code","http://www.cdisc.org","Laterality","Code_223","2023-12-15","C25185"
"1473e1cf-6050-46db-bd1f-6df9ff556b64","Code","http://www.cdisc.org","DIABP","Code_224","2023-12-15","C25299"
"ddab7850-988a-4346-b9cb-8eb263820541","Code","http://www.cdisc.org","TEMP","Code_225","2023-12-15","C174446"
"86dc9bc9-15e2-4cf1-a854-a082324e58c4","Code","http://www.cdisc.org","Clinical Test Result","Code_226","2023-12-15","C77140"
"258508b3-e585-4b6e-9f01-6b0eef3dd93c","Code","http://www.cdisc.org","Degree Celsius","Code_227","2023-12-15","C42559"
"dffdde1a-54fd-4603-8a29-0b6575e3e3a6","Code","http://www.cdisc.org","Degree Fahrenheit","Code_228","2023-12-15","C44277"
"aa91caf5-2db7-4031-914e-ee3ee400a207","Code","http://www.cdisc.org","Kelvin","Code_229","2023-12-15","C42537"
"93d2ed9a-72d5-4340-9d28-f6215b427ecf","Code","http://www.cdisc.org","Unit of Temperature","Code_230","2023-12-15","C44276"
"de065c5a-e6f9-45f8-b9a8-f079270c52e9","Code","http://www.cdisc.org","Axilla","Code_231","2023-12-15","C12674"
"4bb563d1-b3ea-42dd-b1e9-2e0246b59827","Code","http://www.cdisc.org","Ear","Code_232","2023-12-15","C12394"
"b294073d-fbb7-4aa2-894b-bdd069f259d1","Code","http://www.cdisc.org","Forehead","Code_233","2023-12-15","C89803"
"ed7d2348-7e60-430d-bfb4-0873755baeb2","Code","http://www.cdisc.org","Oral Cavity","Code_234","2023-12-15","C12421"
"47e2b89a-c54c-4ce9-aa58-4e601ade4090","Code","http://www.cdisc.org","Rectum","Code_235","2023-12-15","C12390"
"83f6ebe0-339a-4d22-a1a7-8bbc58374044","Code","http://www.cdisc.org","Anatomic Site","Code_236","2023-12-15","C13717"
"facd8949-f212-478d-8079-e5e8dc96d011","Code","http://www.cdisc.org","TEMP","Code_237","2023-12-15","C174446"
"9b0a6931-9ce8-471a-9317-3b862b00a13f","Code","http://www.cdisc.org","WEIGHT","Code_238","2023-12-15","C25208"
"9d835bb0-921c-4e81-9318-d1d98c55829f","Code","http://www.cdisc.org","Clinical Test Result","Code_239","2023-12-15","C77140"
"1a601297-e81a-48ee-a204-e481fc5494c0","Code","http://www.cdisc.org","Pound","Code_240","2023-12-15","C48531"
"7cfef7dc-48ea-4b1d-8a67-00f816109197","Code","http://www.cdisc.org","Gram","Code_241","2023-12-15","C48155"
"87c3d800-41ba-4d29-9ba8-544744b1b659","Code","http://www.cdisc.org","Kilogram","Code_242","2023-12-15","C28252"
"534f61ac-20b2-4170-b7b6-a150ebf4f8aa","Code","http://www.cdisc.org","Unit of Weight","Code_243","2023-12-15","C48208"
"c1672cf5-59c4-4a84-9c30-9f464026e1c4","Code","http://www.cdisc.org","WEIGHT","Code_244","2023-12-15","C25208"
"c301d4fa-2fcc-412c-ae83-7edd3f919f21","Code","http://www.cdisc.org","HEIGHT","Code_245","2023-12-15","C25347"
"440475a2-a96e-449f-a864-a4327361aa13","Code","http://www.cdisc.org","Clinical Test Result","Code_246","2023-12-15","C77140"
"718aa85f-2f96-49c3-934e-b2dc8664c7f6","Code","http://www.cdisc.org","Centimeter","Code_247","2023-12-15","C49668"
"0554d7a5-1a89-42d4-927e-aec88ca2c256","Code","http://www.cdisc.org","Inch","Code_248","2023-12-15","C48500"
"c5576168-aad9-445d-8513-3575d03f6af1","Code","http://www.cdisc.org","Meter","Code_249","2023-12-15","C41139"
"f0900f4b-db81-4a9b-8f18-8de5e6824655","Code","http://www.cdisc.org","Unit of Height","Code_250","2023-12-15","C168688"
"8f96e202-43c7-4db6-a5cd-f4d20ade3577","Code","http://www.cdisc.org","HEIGHT","Code_251","2023-12-15","C25347"
"d0babb8c-8688-494d-a7eb-3539ce43a79c","Code","http://www.cdisc.org","ALT","Code_252","2023-12-15","C64433"
"5cb895b3-b5c2-4e3b-9c08-f265c90bfb3c","Code","http://www.cdisc.org","Laboratory Test Result","Code_253","2023-12-15","C36292"
"1c469bf1-da20-4928-a1f7-e6d05d0e86c2","Code","http://www.cdisc.org","Unit per Liter","Code_254","2023-12-15","C67456"
"e6795681-49c6-442e-8339-e81da64eda97","Code","http://www.cdisc.org","Microkatal per Liter","Code_255","2023-12-15","C67397"
"4e1bdaa7-69e2-4b65-b2b4-f2dd26774c4d","Code","http://www.cdisc.org","International Unit per Liter","Code_256","2023-12-15","C67376"
"fff642b2-518e-4aef-8337-19255e3fdf4e","Code","http://www.cdisc.org","Nanokatal per Liter","Code_257","2023-12-15","C70510"
"beb1e097-ee03-446c-8fb7-671efd9cf304","Code","http://www.cdisc.org","Unit of Catalytic Activity Concentration","Code_258","2023-12-15","C67365"
"c6452380-b118-4a0c-a4c7-26fa7ec2be55","Code","http://www.cdisc.org","Biospecimen Type","Code_259","2023-12-15","C70713"
"c2713508-35bc-407b-8409-e18f659a39a0","Code","http://www.cdisc.org","No","Code_260","2023-12-15","C49487"
"ff86af62-6aa6-4c8f-8b4f-faa920e659e8","Code","http://www.cdisc.org","Yes","Code_261","2023-12-15","C49488"
"b7ca1241-8074-421a-b817-85e8e713f112","Code","http://www.cdisc.org","Laboratory Test Fasting Status","Code_262","2023-12-15","C83309"
"0d19cb92-6663-4904-8207-70d419ccb099","Code","http://www.cdisc.org","ALT","Code_263","2023-12-15","C64433"
"48d30f61-4dff-444a-98cb-5b82426fb0ea","Code","http://www.cdisc.org","ALB","Code_264","2023-12-15","C64431"
"5fce714a-03f5-40be-8b3d-f69edfcdbc2b","Code","http://www.cdisc.org","Laboratory Test Result","Code_265","2023-12-15","C36292"
"3445b03b-40d2-444f-a98a-f40e053fafb1","Code","http://www.cdisc.org","Biospecimen Type","Code_266","2023-12-15","C70713"
"556fa74f-e95a-441c-bff8-8c570c002622","Code","http://www.cdisc.org","No","Code_267","2023-12-15","C49487"
"0202e55d-368d-445a-b867-c440a84a61e7","Code","http://www.cdisc.org","Yes","Code_268","2023-12-15","C49488"
"b1ecd49b-7789-4b5b-bfe1-6b09441033db","Code","http://www.cdisc.org","Laboratory Test Fasting Status","Code_269","2023-12-15","C83309"
"f0e4be78-6f1d-4a53-91db-6f687da3838a","Code","http://www.cdisc.org","ALB","Code_270","2023-12-15","C64431"
"748577d5-0ecf-4da4-8656-288702b92f6d","Code","http://www.cdisc.org","ALP","Code_271","2023-12-15","C64432"
"069681a2-b474-400d-8dc4-39a3fea4a5c1","Code","http://www.cdisc.org","Laboratory Test Result","Code_272","2023-12-15","C36292"
"1b48e0a4-2fed-4cbe-aa74-cfc80f86fff6","Code","http://www.cdisc.org","Unit per Liter","Code_273","2023-12-15","C67456"
"4c1681d1-c6e0-4b1f-b1e6-25b9ae810750","Code","http://www.cdisc.org","Microkatal per Liter","Code_274","2023-12-15","C67397"
"edbe89f4-f03e-4daf-bd52-639b0dbc9136","Code","http://www.cdisc.org","International Unit per Liter","Code_275","2023-12-15","C67376"
"5415d18a-411d-47e9-94ea-44798cc280f0","Code","http://www.cdisc.org","Unit of Catalytic Activity Concentration","Code_276","2023-12-15","C67365"
"3f4aaa4e-2363-4d09-a6de-ccaae4c373b7","Code","http://www.cdisc.org","Biospecimen Type","Code_277","2023-12-15","C70713"
"1b28a5cb-4f30-40a7-89c3-a57d3b1e9b1d","Code","http://www.cdisc.org","No","Code_278","2023-12-15","C49487"
"df8a73c3-346a-4222-a98e-c06f939e17e6","Code","http://www.cdisc.org","Yes","Code_279","2023-12-15","C49488"
"542c686b-6238-4cf1-8c06-b562193abdf1","Code","http://www.cdisc.org","Laboratory Test Fasting Status","Code_280","2023-12-15","C83309"
"5a7ead67-46bb-4067-8ace-358e0ca29991","Code","http://www.cdisc.org","ALP","Code_281","2023-12-15","C64432"
"b6cbd379-4b0d-4ee6-a170-956fcbce4a20","Code","http://www.cdisc.org","AST","Code_282","2023-12-15","C64467"
"7db9b044-35e3-4400-93ec-d7a1b8145928","Code","http://www.cdisc.org","Laboratory Test Result","Code_283","2023-12-15","C36292"
"cf433e14-a29e-44b7-8192-c2514b41076a","Code","http://www.cdisc.org","Unit per Liter","Code_284","2023-12-15","C67456"
"94e2f654-d9f9-45f5-878a-15c4bbc72e62","Code","http://www.cdisc.org","Microkatal per Liter","Code_285","2023-12-15","C67397"
"0a2f5332-a78a-44c8-892b-b6f4347aaab2","Code","http://www.cdisc.org","International Unit per Liter","Code_286","2023-12-15","C67376"
"dba6be26-fb2a-4827-a5c0-a4f8da177ffb","Code","http://www.cdisc.org","Unit of Catalytic Activity Concentration","Code_287","2023-12-15","C67365"
"3ccb5d0a-498d-4fdb-b6d9-cd957e121b52","Code","http://www.cdisc.org","Biospecimen Type","Code_288","2023-12-15","C70713"
"687997e2-8749-4cb5-b29f-464ac4733d17","Code","http://www.cdisc.org","No","Code_289","2023-12-15","C49487"
"8f6adc4a-6c28-47b3-bbd2-4429d2f64765","Code","http://www.cdisc.org","Yes","Code_290","2023-12-15","C49488"
"aeaaaf47-9bfb-4ad3-bfc3-b8d16a4af95c","Code","http://www.cdisc.org","Laboratory Test Fasting Status","Code_291","2023-12-15","C83309"
"89ade005-c6b3-4d6d-b327-1d9ac723f2be","Code","http://www.cdisc.org","AST","Code_292","2023-12-15","C64467"
"28be3518-c1d2-4dea-983e-f52bcc3de632","Code","http://www.cdisc.org","CREAT","Code_293","2023-12-15","C64547"
"829dda6e-3045-450f-9e42-f662840a822c","Code","http://www.cdisc.org","Laboratory Test Result","Code_294","2023-12-15","C36292"
"ce28023d-9eca-43ce-8fc7-5fc2fe252f26","Code","http://www.cdisc.org","Milligram per Deciliter","Code_295","2023-12-15","C67015"
"dd025e1b-4819-41a7-8c26-e3cf834bb1fa","Code","http://www.cdisc.org","Microgram per Milliliter","Code_296","2023-12-15","C64572"
"36e1890e-784e-4762-aea5-90f6d1301fa2","Code","http://www.cdisc.org","Millimole per Liter","Code_297","2023-12-15","C64387"
"dae12592-00ae-4527-ace2-df6572e37b25","Code","http://www.cdisc.org","Micromole per Liter","Code_298","2023-12-15","C48508"
"1c767bb1-8fe7-403d-ba64-f7819821c623","Code","http://www.cdisc.org","Unit of Concentration","Code_299","2023-12-15","C48207"
"a9693ee3-1349-4194-a1d2-64d929dffd27","Code","http://www.cdisc.org","Biospecimen Type","Code_300","2023-12-15","C70713"
"2074683c-131f-43e0-a6b7-37ee4c477922","Code","http://www.cdisc.org","No","Code_301","2023-12-15","C49487"
"e1764d7e-940a-4b72-a68f-7e43961a1d25","Code","http://www.cdisc.org","Yes","Code_302","2023-12-15","C49488"
"70e2503b-dc0a-4b11-a85f-fe4ac1bc0ca6","Code","http://www.cdisc.org","Laboratory Test Fasting Status","Code_303","2023-12-15","C83309"
"a96475c2-ceca-45cd-bd11-d3f6e59e02c9","Code","http://www.cdisc.org","CREAT","Code_304","2023-12-15","C64547"
"5987e301-6db8-487f-ae84-38d9f9994935","Code","http://www.cdisc.org","K","Code_305","2023-12-15","C64853"
"3226626b-2e9a-40a2-bf90-4265c378b330","Code","http://www.cdisc.org","Laboratory Test Result","Code_306","2023-12-15","C36292"
"f53d58e5-8e79-4a20-9063-1f55b58d05bc","Code","http://www.cdisc.org","Milliequivalent per Liter","Code_307","2023-12-15","C67474"
"c27cb0ea-88c8-40a2-bb5f-0051e4039375","Code","http://www.cdisc.org","Milliequivalent per Deciliter","Code_308","2023-12-15","C67473"
"b4f9c4bf-89e3-4f7e-adda-61494f36e9a5","Code","http://www.cdisc.org","Millimole per Liter","Code_309","2023-12-15","C64387"
"ad51bcc8-de70-42bb-a2d6-55e03429fd6c","Code","http://www.cdisc.org","Molarity Unit","Code_310","2023-12-15","C64567"
"a2644d2c-95f4-45fe-b621-46c8c5443b07","Code","http://www.cdisc.org","Biospecimen Type","Code_311","2023-12-15","C70713"
"25d35b94-e5a4-4d3b-8765-8b71a78f150b","Code","http://www.cdisc.org","No","Code_312","2023-12-15","C49487"
"f96ea639-f194-4d9b-a08d-bc5571038c97","Code","http://www.cdisc.org","Yes","Code_313","2023-12-15","C49488"
"9ad0b6f4-b302-4212-81c3-19f9a108de05","Code","http://www.cdisc.org","Laboratory Test Fasting Status","Code_314","2023-12-15","C83309"
"ed64e8fb-08d9-45e0-81cd-d9017538df3e","Code","http://www.cdisc.org","K","Code_315","2023-12-15","C64853"
"6bdc985b-77a6-4324-b0fa-c8ce73c7ed5f","Code","http://www.cdisc.org","SODIUM","Code_316","2023-12-15","C64809"
"692a0357-a796-4d1d-b080-1a6916667789","Code","http://www.cdisc.org","Laboratory Test Result","Code_317","2023-12-15","C36292"
"32001648-ecb8-40ee-b339-02d4fd9f9ff5","Code","http://www.cdisc.org","Milliequivalent per Liter","Code_318","2023-12-15","C67474"
"06627561-3623-48c3-8618-9c0c662927cc","Code","http://www.cdisc.org","Milliequivalent per Deciliter","Code_319","2023-12-15","C67473"
"5e1dec3b-027c-47d2-a2c0-cda8ccf41199","Code","http://www.cdisc.org","Millimole per Liter","Code_320","2023-12-15","C64387"
"4f5b363e-ff00-4a80-973f-7b33697f9e2c","Code","http://www.cdisc.org","Molarity Unit","Code_321","2023-12-15","C64567"
"61c4c3b1-d4ec-4aaf-81a3-ebab5518fe39","Code","http://www.cdisc.org","Biospecimen Type","Code_322","2023-12-15","C70713"
"2003e3dd-6f95-499e-aa92-2cd13f343da1","Code","http://www.cdisc.org","No","Code_323","2023-12-15","C49487"
"fcc2eab6-8146-4dc5-be90-606dea56be8e","Code","http://www.cdisc.org","Yes","Code_324","2023-12-15","C49488"
"3c547e7f-895e-43a5-a22a-e590580ce90c","Code","http://www.cdisc.org","Laboratory Test Fasting Status","Code_325","2023-12-15","C83309"
"d8184e83-2343-4704-a0b9-25ceb3b6ea6e","Code","http://www.cdisc.org","SODIUM","Code_326","2023-12-15","C64809"
"e796e8aa-c743-418d-9798-ad6eb4189af2","Code","http://www.cdisc.org","SYSBP","Code_327","2023-12-15","C25298"
"d6c00025-c239-4abb-ac9a-4965dd98d5c6","Code","http://www.cdisc.org","Clinical Test Result","Code_328","2023-12-15","C77140"
"5feb88e0-b8fa-4759-8344-ad3a09cb44c2","Code","http://www.cdisc.org","Unit of Pressure","Code_329","2023-12-15","C49669"
"ab49f87c-f72b-4ef3-a5e1-9e2254305c09","Code","http://www.cdisc.org","Sitting","Code_330","2023-12-15","C62122"
"db4974c5-a15b-4a31-b788-a6b67ae05686","Code","http://www.cdisc.org","Standing","Code_331","2023-12-15","C62166"
"c8e31ae1-66a5-466f-91e6-6c6f51e8f446","Code","http://www.cdisc.org","Supine Position","Code_332","2023-12-15","C62167"
"621a891d-6df0-44a5-9b1d-48516d47933f","Code","http://www.cdisc.org","Body Position","Code_333","2023-12-15","C62164"
"e489daa3-8896-4316-a02f-55203932c908","Code","http://www.cdisc.org","Brachial Artery","Code_334","2023-12-15","C12681"
"42960bd3-e3d9-4d1d-ae68-391a5e475acd","Code","http://www.cdisc.org","Common Carotid Artery","Code_335","2023-12-15","C12687"
"3ed5eb65-01ba-4082-9ed0-bec31b7805ed","Code","http://www.cdisc.org","Dorsalis Pedis Artery","Code_336","2023-12-15","C32478"
"c8c836fb-3d83-4259-8f06-8247d2ff0df9","Code","http://www.cdisc.org","Femoral Artery","Code_337","2023-12-15","C12715"
"dae9fe46-e0d7-4b5f-bee6-491a27653dd3","Code","http://www.cdisc.org","Radial Artery","Code_338","2023-12-15","C12838"
"66d860f2-ed24-4308-be1a-40fe7c432750","Code","http://www.cdisc.org","Anatomic Site","Code_339","2023-12-15","C13717"
"a9c9fd61-3cf5-474c-8d91-cd5f7c8ee002","Code","http://www.cdisc.org","Left","Code_340","2023-12-15","C25229"
"fe3a4d7b-2f84-4596-83af-7cbd15be69ca","Code","http://www.cdisc.org","Right","Code_341","2023-12-15","C25228"
"aaee881f-e7bf-41ff-a704-6840d8283401","Code","http://www.cdisc.org","Laterality","Code_342","2023-12-15","C25185"
"51481532-994e-4df8-b231-d6c456a41355","Code","http://www.cdisc.org","SYSBP","Code_343","2023-12-15","C25298"
"ebabcd93-8e74-4d06-9020-5ccb1821d80e","Code","http://www.cdisc.org","DIABP","Code_344","2023-12-15","C25299"
"104d0f63-d86d-46a1-9f8b-7a1876b690cc","Code","http://www.cdisc.org","Clinical Test Result","Code_345","2023-12-15","C77140"
"a1d49bdd-fa85-4907-b849-2cb655614f45","Code","http://www.cdisc.org","Unit of Pressure","Code_346","2023-12-15","C49669"
"a9148395-5920-4b41-b653-741f92269fcb","Code","http://www.cdisc.org","Sitting","Code_347","2023-12-15","C62122"
"eaee80b2-6448-4d3e-ac6d-8b97828460ab","Code","http://www.cdisc.org","Standing","Code_348","2023-12-15","C62166"
"c4a8257c-c349-42f0-8bf5-1d1a4e42350c","Code","http://www.cdisc.org","Supine Position","Code_349","2023-12-15","C62167"
"7c4ba024-dede-46dd-a8b3-1e3a72eb659a","Code","http://www.cdisc.org","Body Position","Code_350","2023-12-15","C62164"
"28950904-91d5-406a-9929-8a71d5962fe6","Code","http://www.cdisc.org","Brachial Artery","Code_351","2023-12-15","C12681"
"7d623ac7-7fe4-463f-bd4c-31d778f32f78","Code","http://www.cdisc.org","Common Carotid Artery","Code_352","2023-12-15","C12687"
"96e4cd5a-6ede-4d73-a48e-40e22cfbaa9d","Code","http://www.cdisc.org","Dorsalis Pedis Artery","Code_353","2023-12-15","C32478"
"2ea459c5-1b76-42c6-b00c-bf5271b59ad3","Code","http://www.cdisc.org","Femoral Artery","Code_354","2023-12-15","C12715"
"096788b9-b732-4887-b1a3-87828294b5dc","Code","http://www.cdisc.org","Radial Artery","Code_355","2023-12-15","C12838"
"6a511a07-8e89-466c-b008-bfb7a449fe78","Code","http://www.cdisc.org","Anatomic Site","Code_356","2023-12-15","C13717"
"e4df5829-3d89-4168-96c7-7e357b2a4aed","Code","http://www.cdisc.org","Left","Code_357","2023-12-15","C25229"
"7eaeb89e-fc7a-4340-9dea-bb9b8366935b","Code","http://www.cdisc.org","Right","Code_358","2023-12-15","C25228"
"e7e4c924-ba70-423b-a2cd-83009eead952","Code","http://www.cdisc.org","Laterality","Code_359","2023-12-15","C25185"
"0022950f-6ae5-4d5c-96dc-7331216f561c","Code","http://www.cdisc.org","DIABP","Code_360","2023-12-15","C25299"
"5eb6853c-d172-49d6-8f2e-529536db4156","Code","http://www.cdisc.org","HR","Code_361","2023-12-15","C49677"
"2251a53a-7c46-48f2-89cd-07beba17d04e","Code","http://www.cdisc.org","Clinical Test Result","Code_362","2023-12-15","C77140"
"6c02b25c-e7cf-48db-8512-7dbc9e284a77","Code","http://www.cdisc.org","Count per Minute","Code_363","2023-12-15","C73688"
"326ce452-e667-418f-9572-25c1f77e1d87","Code","http://www.cdisc.org","Sitting","Code_364","2023-12-15","C62122"
"50930ad1-d136-426e-aaff-2da61b6e641b","Code","http://www.cdisc.org","Standing","Code_365","2023-12-15","C62166"
"1c854850-2528-4dcc-87c4-a0ab0bd2d249","Code","http://www.cdisc.org","Supine Position","Code_366","2023-12-15","C62167"
"aad77774-3d64-41e7-9fd4-d3c1afd05f8f","Code","http://www.cdisc.org","Body Position","Code_367","2023-12-15","C62164"
"35882642-cfd0-4af6-b04a-d4e0e0066ae0","Code","http://www.cdisc.org","Brachial Artery","Code_368","2023-12-15","C12681"
"28412d2c-ad1b-4a40-972c-bff237c10d8f","Code","http://www.cdisc.org","Common Carotid Artery","Code_369","2023-12-15","C12687"
"51b0945a-7993-48a0-9cff-95d1af63c008","Code","http://www.cdisc.org","Dorsalis Pedis Artery","Code_370","2023-12-15","C32478"
"e5ec1822-b29b-4243-9c36-a4ce8d3ae3c9","Code","http://www.cdisc.org","Femoral Artery","Code_371","2023-12-15","C12715"
"344636ce-d6df-4058-b2a4-a54d69554e1f","Code","http://www.cdisc.org","Radial Artery","Code_372","2023-12-15","C12838"
"999a599e-a45e-4c8f-9079-7fa9002f4e90","Code","http://www.cdisc.org","Anatomic Site","Code_373","2023-12-15","C13717"
"e6658127-3322-4772-b665-e053bb4867bd","Code","http://www.cdisc.org","Left","Code_374","2023-12-15","C25229"
"d9455a24-4efe-4ed3-95a3-78136f82dde0","Code","http://www.cdisc.org","Right","Code_375","2023-12-15","C25228"
"e78b0258-4f87-4f6c-908b-1784dc596bc5","Code","http://www.cdisc.org","Laterality","Code_376","2023-12-15","C25185"
"b81540e0-bb8a-4b7f-a733-f8468bed26fc","Code","http://www.cdisc.org","HR","Code_377","2023-12-15","C49677"
"1dc578d1-e186-480b-88ee-e42c2aaf8197","Code","http://www.cdisc.org","SYSBP","Code_378","2023-12-15","C25298"
"7a436d9a-ab84-4f0b-a71e-fbac891b9a6a","Code","http://www.cdisc.org","Clinical Test Result","Code_379","2023-12-15","C77140"
"254c8908-edd8-4d52-81d2-339d74a427a9","Code","http://www.cdisc.org","Unit of Pressure","Code_380","2023-12-15","C49669"
"ccb7c3d6-f323-4976-ac0a-b2d3c54e965e","Code","http://www.cdisc.org","Sitting","Code_381","2023-12-15","C62122"
"6747e0d6-338b-46b4-898d-8031144cbc6c","Code","http://www.cdisc.org","Standing","Code_382","2023-12-15","C62166"
"1c951aac-8aed-4865-b9f7-f21a974503cd","Code","http://www.cdisc.org","Supine Position","Code_383","2023-12-15","C62167"
"a0bb539c-1396-4e70-977b-c9ab5cca3058","Code","http://www.cdisc.org","Body Position","Code_384","2023-12-15","C62164"
"1310b50f-df53-48bc-8f94-0f1cdf64c9c8","Code","http://www.cdisc.org","Brachial Artery","Code_385","2023-12-15","C12681"
"61b31e07-3fe4-4cfa-b064-9fb101b9e448","Code","http://www.cdisc.org","Common Carotid Artery","Code_386","2023-12-15","C12687"
"70e14eb4-6420-444a-91f7-ad085668b593","Code","http://www.cdisc.org","Dorsalis Pedis Artery","Code_387","2023-12-15","C32478"
"115f752f-ce0d-4d57-85dc-9bab6f8b47fa","Code","http://www.cdisc.org","Femoral Artery","Code_388","2023-12-15","C12715"
"9b7816ea-c267-497a-bac6-630e6b23dbff","Code","http://www.cdisc.org","Radial Artery","Code_389","2023-12-15","C12838"
"671fa654-98a7-44c0-9eda-89e6a7a00f02","Code","http://www.cdisc.org","Anatomic Site","Code_390","2023-12-15","C13717"
"542a23c7-0334-4a03-9faa-c97227d33fbb","Code","http://www.cdisc.org","Left","Code_391","2023-12-15","C25229"
"110e7542-53da-4f44-b697-73b1331bb39e","Code","http://www.cdisc.org","Right","Code_392","2023-12-15","C25228"
"3d0756d9-2094-479d-a32a-d68db328babc","Code","http://www.cdisc.org","Laterality","Code_393","2023-12-15","C25185"
"a78c434c-7e9d-463c-ab78-1dba82225fb4","Code","http://www.cdisc.org","SYSBP","Code_394","2023-12-15","C25298"
"0be3756d-daad-48b6-acfd-50320b104ea9","Code","http://www.cdisc.org","DIABP","Code_395","2023-12-15","C25299"
"314cf9b7-58f8-486e-9f93-f241fb82e9af","Code","http://www.cdisc.org","Clinical Test Result","Code_396","2023-12-15","C77140"
"103447fd-aec9-4fb2-92a1-549099b3f928","Code","http://www.cdisc.org","Unit of Pressure","Code_397","2023-12-15","C49669"
"f06489f9-eb81-407a-8865-3bf90dcce360","Code","http://www.cdisc.org","Sitting","Code_398","2023-12-15","C62122"
"79b2a8c9-f8ae-4b04-9b0c-ac95b1656277","Code","http://www.cdisc.org","Standing","Code_399","2023-12-15","C62166"
"e4284801-0443-4b9b-b5f8-b4b33f61f68f","Code","http://www.cdisc.org","Supine Position","Code_400","2023-12-15","C62167"
"523ee3c4-a9c7-408d-ab99-5e9f54ecaec9","Code","http://www.cdisc.org","Body Position","Code_401","2023-12-15","C62164"
"e415aeb2-24e5-444b-8d49-6d591261f63f","Code","http://www.cdisc.org","Brachial Artery","Code_402","2023-12-15","C12681"
"181589fd-bc9e-4357-848b-c57bb80a3873","Code","http://www.cdisc.org","Common Carotid Artery","Code_403","2023-12-15","C12687"
"e39e343c-86c0-4e1c-b044-b879a3ff9a15","Code","http://www.cdisc.org","Dorsalis Pedis Artery","Code_404","2023-12-15","C32478"
"7c5a475c-f5dd-49d4-b779-b6c811f3e339","Code","http://www.cdisc.org","Femoral Artery","Code_405","2023-12-15","C12715"
"e8111a53-d915-4e25-99ca-2962d5142344","Code","http://www.cdisc.org","Radial Artery","Code_406","2023-12-15","C12838"
"ce733668-b471-476f-a1c6-7568d73bf528","Code","http://www.cdisc.org","Anatomic Site","Code_407","2023-12-15","C13717"
"e853a5d6-f6be-4cbf-b467-a7360bb05034","Code","http://www.cdisc.org","Left","Code_408","2023-12-15","C25229"
"8916f0fa-4128-41f4-ad91-fa126f8dfddb","Code","http://www.cdisc.org","Right","Code_409","2023-12-15","C25228"
"884dee1e-01b5-4133-a520-72f0649ca63a","Code","http://www.cdisc.org","Laterality","Code_410","2023-12-15","C25185"
"a9d00d91-e438-4588-8ad4-4e28eb15026e","Code","http://www.cdisc.org","DIABP","Code_411","2023-12-15","C25299"
"e9f34a57-92c8-4b53-86f0-56cb477a56cd","Code","http://www.cdisc.org","HR","Code_412","2023-12-15","C49677"
"be74e15d-feed-48f7-8573-40b0d21ae2bc","Code","http://www.cdisc.org","Clinical Test Result","Code_413","2023-12-15","C77140"
"7ac0e45e-e154-49cc-92b4-1e9422f95138","Code","http://www.cdisc.org","Count per Minute","Code_414","2023-12-15","C73688"
"964ae927-4a57-40fd-a5d2-8b7352dd9410","Code","http://www.cdisc.org","Sitting","Code_415","2023-12-15","C62122"
"351ffb94-789d-4ef0-a7b3-b6a13747294c","Code","http://www.cdisc.org","Standing","Code_416","2023-12-15","C62166"
"20f85b3b-5886-40df-8cac-6148c29d2389","Code","http://www.cdisc.org","Supine Position","Code_417","2023-12-15","C62167"
"afd826d2-0f26-449b-8756-1b705276a334","Code","http://www.cdisc.org","Body Position","Code_418","2023-12-15","C62164"
"9efdf405-a3df-4589-8595-8e38147cbb14","Code","http://www.cdisc.org","Brachial Artery","Code_419","2023-12-15","C12681"
"1842a182-8932-4f35-a191-39e761aa1fb8","Code","http://www.cdisc.org","Common Carotid Artery","Code_420","2023-12-15","C12687"
"b173f0b5-10d2-4918-9e80-4e4f85b43def","Code","http://www.cdisc.org","Dorsalis Pedis Artery","Code_421","2023-12-15","C32478"
"e3d2df7a-eeb6-4973-a5f3-1a90bb8c3ea9","Code","http://www.cdisc.org","Femoral Artery","Code_422","2023-12-15","C12715"
"14542401-2c05-4693-9d4c-b0fe6889c7e1","Code","http://www.cdisc.org","Radial Artery","Code_423","2023-12-15","C12838"
"18cfdef9-c41e-42aa-986a-3674e08ed603","Code","http://www.cdisc.org","Anatomic Site","Code_424","2023-12-15","C13717"
"9f57db88-ad3c-43af-92ad-a5d59eaf5a04","Code","http://www.cdisc.org","Left","Code_425","2023-12-15","C25229"
"1bd41e42-2671-4276-ac2e-fd2bd9c14e69","Code","http://www.cdisc.org","Right","Code_426","2023-12-15","C25228"
"3bf74417-61ba-4359-a9b3-a6a6a6b086e3","Code","http://www.cdisc.org","Laterality","Code_427","2023-12-15","C25185"
"377bdd17-575d-4bc3-a005-37bc14d664d5","Code","http://www.cdisc.org","HR","Code_428","2023-12-15","C49677"
"76a29384-40ff-4973-9fae-5db80c39beec","Code","http://www.cdisc.org","Placebo Comparator Arm","Code_123","2023-12-15","C174268"
"103d45ad-7a37-455b-9a20-bd2519ae3fce","Code","http://www.cdisc.org","Data Generated Within Study","Code_124","2023-12-15","C188866"
"da2fd383-e008-4090-85c6-7b85c1cc5e21","Code","http://www.cdisc.org","Active Comparator Arm","Code_125","2023-12-15","C174267"
"641aae0f-efb7-4310-a7f2-10ea1e53e637","Code","http://www.cdisc.org","Data Generated Within Study","Code_126","2023-12-15","C188866"
"ceb5df68-438d-45e2-a1cd-80d038fe0158","Code","http://www.cdisc.org","Active Comparator Arm","Code_127","2023-12-15","C174267"
"ba2ff927-91fe-442c-8268-2ffa4488b4e9","Code","http://www.cdisc.org","Data Generated Within Study","Code_128","2023-12-15","C188866"
"4ee28eb6-ea59-4821-b854-5ff53b8809b6","Code","http://www.cdisc.org","Double Blind Study","Code_136","2023-12-15","C15228"
"bef1c6f8-05d2-4b10-b4c3-53a464988cc1","Code","http://www.cdisc.org","Screening Epoch","Code_129","2023-12-15","C202487"
"6189ae64-a297-4708-9c13-66dd62d8a052","Code","http://www.cdisc.org","Treatment Epoch","Code_130","2023-12-15","C101526"
"8b94c8a7-eebf-4e24-ba87-fa237374d820","Code","http://www.cdisc.org","Treatment Epoch","Code_131","2023-12-15","C101526"
"c61611f4-5c52-42e4-8f75-600cfea96cd7","Code","http://www.cdisc.org","Treatment Epoch","Code_132","2023-12-15","C101526"
"7ab25134-de35-43d3-b315-90a46c5e5760","Code","http://www.cdisc.org","Follow-Up Epoch","Code_133","2023-12-15","C202578"
"885d8b1d-1214-443f-958f-cd700307ee48","Code","ICD-10-CM","Alzheimer's disease; unspecified","Code_550","1","G30.9"
"3de4d463-154b-4d51-bdeb-f1ecd0099a63","Code","SNOMED","Alzheimer's disease","Code_551","January 31, 2018","26929004"
"e0dd660a-cb61-4c2f-af30-d5a558628dbb","Code","http://www.cdisc.org","Sponsor","Code_142","2023-12-15","C70793"
"9f4a81aa-c868-4209-ae04-4cf9471dd996","Code","http://www.cdisc.org","Primary Objective","Code_555","2023-12-15","C85826"
"4e4b6327-7e4f-4103-996b-7f6d6cd559b4","Code","http://www.cdisc.org","Primary Endpoint","Code_554","2023-12-15","C94496"
"facfbfab-560e-4af6-a483-286436d512c7","Code","http://www.cdisc.org","Primary Endpoint","Code_556","2023-12-15","C94496"
"d1adf01f-38e1-47fc-b6a4-6a10bdd918e9","Code","http://www.cdisc.org","Primary Objective","Code_558","2023-12-15","C85826"
"b9534d3a-b88f-4752-b5da-3441bb0e7619","Code","http://www.cdisc.org","Primary Endpoint","Code_557","2023-12-15","C94496"
"ed059bf4-7da8-4fa5-a015-09beb976b999","Code","http://www.cdisc.org","Primary Endpoint","Code_559","2023-12-15","C94496"
"5bd1acc0-ee4a-4e5b-af9b-5f47f6325020","Code","http://www.cdisc.org","Primary Endpoint","Code_560","2023-12-15","C94496"
"0de7b72c-a116-489b-9925-1698bd7fc997","Code","http://www.cdisc.org","Secondary Objective","Code_562","2023-12-15","C85827"
"bed65f44-a364-469b-b5ee-a0c0fdebc5ed","Code","http://www.cdisc.org","Secondary Endpoint","Code_561","2023-12-15","C139173"
"c80d1d96-6244-4db3-88fe-72d03e49cfb9","Code","http://www.cdisc.org","Secondary Endpoint","Code_563","2023-12-15","C139173"
"1266f129-ba04-4797-8a43-13bb153380f0","Code","http://www.cdisc.org","Secondary Endpoint","Code_564","2023-12-15","C139173"
"80f1cd8f-6856-401d-8b7a-8200db3b5bdd","Code","http://www.cdisc.org","Secondary Objective","Code_566","2023-12-15","C85827"
"69076530-0984-451a-951e-5671282c1cd9","Code","http://www.cdisc.org","Secondary Endpoint","Code_565","2023-12-15","C139173"
"24c00fe2-c9e8-487c-86c5-6c4ab6360f12","Code","http://www.cdisc.org","Secondary Objective","Code_568","2023-12-15","C85827"
"566329e6-db91-4b4a-946e-45641fb93105","Code","http://www.cdisc.org","Secondary Endpoint","Code_567","2023-12-15","C139173"
"cf1f8750-3a5f-4815-bd56-b4843adbeb55","Code","http://www.cdisc.org","Secondary Objective","Code_570","2023-12-15","C85827"
"a1570ba7-a555-46a6-940d-1c6cfddbdb22","Code","http://www.cdisc.org","Secondary Endpoint","Code_569","2023-12-15","C139173"
"9729a9b9-2610-4c4d-99da-33b3d90e37dc","Code","http://www.cdisc.org","Both","Code_553","2023-12-15","C49636"
"1f157c56-a361-42b0-969f-ebf2a9598637","Code","http://www.cdisc.org","Inclusion Criteria","Code_571","2023-12-15","C25532"
"c85d85c1-541b-48ac-9316-d2fafddec926","Code","http://www.cdisc.org","Inclusion Criteria","Code_572","2023-12-15","C25532"
"ec9dfb60-bb90-40ca-af61-f2f2dfba0d71","Code","http://www.cdisc.org","Inclusion Criteria","Code_573","2023-12-15","C25532"
"9a9d8865-de42-4c4b-83a5-0c12d8a81b96","Code","http://www.cdisc.org","Inclusion Criteria","Code_574","2023-12-15","C25532"
"ebdb8384-745c-4c64-9995-6579056daf55","Code","http://www.cdisc.org","Inclusion Criteria","Code_575","2023-12-15","C25532"
"0121889f-fa8f-4581-a1f5-61310b09cc14","Code","http://www.cdisc.org","Inclusion Criteria","Code_576","2023-12-15","C25532"
"8ac1b8e7-4047-4580-b8de-20d1ee2d0ae7","Code","http://www.cdisc.org","Inclusion Criteria","Code_577","2023-12-15","C25532"
"14b9823e-c9f6-4687-bf94-5b58295a0ac9","Code","http://www.cdisc.org","Inclusion Criteria","Code_578","2023-12-15","C25532"
"aea6c0a1-f960-4901-87b2-f52376e66e05","Code","http://www.cdisc.org","Exclusion Criteria","Code_579","2023-12-15","C25370"
"164f8442-51ff-442b-8386-bfdec8af4a23","Code","http://www.cdisc.org","Exclusion Criteria","Code_580","2023-12-15","C25370"
"638c53d4-f12b-4856-9781-d923a72b03f6","Code","http://www.cdisc.org","Exclusion Criteria","Code_581","2023-12-15","C25370"
"dd7b97dd-be0b-4ad7-bc4f-a02965730827","Code","http://www.cdisc.org","Exclusion Criteria","Code_582","2023-12-15","C25370"
"a3ecb7a5-e0a7-48b2-8066-1c8db708a412","Code","http://www.cdisc.org","Exclusion Criteria","Code_583","2023-12-15","C25370"
"493f2f4f-afe3-4753-9d9b-a2f2b1108964","Code","http://www.cdisc.org","Exclusion Criteria","Code_584","2023-12-15","C25370"
"9bcdd6bd-ce50-4f81-8584-2c7b2333a7fc","Code","http://www.cdisc.org","Exclusion Criteria","Code_585","2023-12-15","C25370"
"41dd189a-37db-42a9-86ed-0be3ee0b5645","Code","http://www.cdisc.org","Exclusion Criteria","Code_586","2023-12-15","C25370"
"7ca8a4b6-20f0-4990-810c-cb856dbc2f26","Code","http://www.cdisc.org","Exclusion Criteria","Code_587","2023-12-15","C25370"
"54e7e220-b0fa-40de-a849-13367d99f62a","Code","http://www.cdisc.org","Exclusion Criteria","Code_588","2023-12-15","C25370"
"4487ab74-ee00-4272-94e8-3e6775134486","Code","http://www.cdisc.org","Exclusion Criteria","Code_589","2023-12-15","C25370"
"bb02a85d-2f79-47db-b0c5-2a6625ce6156","Code","http://www.cdisc.org","Exclusion Criteria","Code_590","2023-12-15","C25370"
"c8efcf0a-3bc0-47fd-9df2-feb5fa634635","Code","http://www.cdisc.org","Exclusion Criteria","Code_591","2023-12-15","C25370"
"10c47cb6-a35e-43ec-afa1-44f711bc247d","Code","http://www.cdisc.org","Exclusion Criteria","Code_592","2023-12-15","C25370"
"aebc0f2e-66ee-4f38-8e09-9d7e245e70de","Code","http://www.cdisc.org","Exclusion Criteria","Code_593","2023-12-15","C25370"
"841e9b29-b2b5-45ae-8bde-59d4b2b4d14c","Code","http://www.cdisc.org","Exclusion Criteria","Code_594","2023-12-15","C25370"
"f4488680-36ed-4560-b83d-d95d0e9b40ba","Code","http://www.cdisc.org","Exclusion Criteria","Code_595","2023-12-15","C25370"
"ec818fca-e516-4228-b3e9-8f4286becb09","Code","http://www.cdisc.org","Exclusion Criteria","Code_596","2023-12-15","C25370"
"cb831ca2-ea05-44cf-b43b-b188885be5fa","Code","http://www.cdisc.org","Exclusion Criteria","Code_597","2023-12-15","C25370"
"a696aad1-8c64-435b-a58f-c612a89c642e","Code","http://www.cdisc.org","Exclusion Criteria","Code_598","2023-12-15","C25370"
"39473bee-a421-449a-929b-eb24ec0f08b9","Code","http://www.cdisc.org","Exclusion Criteria","Code_599","2023-12-15","C25370"
"a3ea6898-0b2d-4282-b728-c0f84cee031a","Code","http://www.cdisc.org","Exclusion Criteria","Code_600","2023-12-15","C25370"
"864c8a8c-a244-4220-8fa8-08f2f3b2c96a","Code","http://www.cdisc.org","Exclusion Criteria","Code_601","2023-12-15","C25370"
"b5a12bce-8514-44a6-967d-c7dc777b7d5f","Code","http://www.cdisc.org","Year","Code_552","2023-12-15","C29848"
"d4b88441-8917-4ad9-81b1-4be72f186cb9","Code","http://www.cdisc.org","Before","Code_14","2023-12-15","C201357"
"19f81f31-6f12-46d3-bbc5-f55938e2737e","Code","http://www.cdisc.org","Start to Start","Code_15","2023-12-15","C201355"
"9ea7d055-80f0-49f7-ab02-cdae8932688d","Code","http://www.cdisc.org","Before","Code_16","2023-12-15","C201357"
"08cfc2b5-d01b-4796-9aaa-c8edd94b5535","Code","http://www.cdisc.org","Start to Start","Code_17","2023-12-15","C201355"
"9de98be4-f0a5-4126-9797-118a5ca5a642","Code","http://www.cdisc.org","Fixed Reference","Code_19","2023-12-15","C201358"
"4e028fc3-eb95-4917-b47e-1003aaa890d9","Code","http://www.cdisc.org","Start to Start","Code_20","2023-12-15","C201355"
"3d06a028-1945-47fe-b476-809c9bc4eea5","Code","http://www.cdisc.org","After","Code_21","2023-12-15","C201356"
"2897b343-1242-48b2-a11d-49feb9dcf484","Code","http://www.cdisc.org","Start to Start","Code_22","2023-12-15","C201355"
"5b91846f-2f4f-42d9-af21-9908ed928908","Code","http://www.cdisc.org","After","Code_24","2023-12-15","C201356"
"c06a5253-2a8c-4674-b0af-93aa0ee7e022","Code","http://www.cdisc.org","Start to Start","Code_25","2023-12-15","C201355"
"2317dc54-5d3e-4482-9bf5-43c4c94e3622","Code","http://www.cdisc.org","After","Code_27","2023-12-15","C201356"
"1f5693ae-ceda-4213-84e5-276428b86979","Code","http://www.cdisc.org","Start to Start","Code_28","2023-12-15","C201355"
"27dd09ed-cfef-4a49-a980-776c902ff5a0","Code","http://www.cdisc.org","After","Code_30","2023-12-15","C201356"
"8b292b39-a9de-4be4-89e3-8ddf04d5d22f","Code","http://www.cdisc.org","Start to Start","Code_31","2023-12-15","C201355"
"d9fa33e2-43e5-4075-af3e-1fd11bca41c0","Code","http://www.cdisc.org","After","Code_35","2023-12-15","C201356"
"41d33524-51fd-4913-83dd-8c760a2066a8","Code","http://www.cdisc.org","Start to Start","Code_36","2023-12-15","C201355"
"fd085dbb-5383-42bb-81bd-e106cc7f7ec7","Code","http://www.cdisc.org","After","Code_40","2023-12-15","C201356"
"c294f7ee-2d21-4b9b-91a1-2d256146ff93","Code","http://www.cdisc.org","Start to Start","Code_41","2023-12-15","C201355"
"f340407c-c423-402b-99de-56b8803dd258","Code","http://www.cdisc.org","After","Code_45","2023-12-15","C201356"
"f1b551f0-42fc-4c93-8561-dfcb2242b2ff","Code","http://www.cdisc.org","Start to Start","Code_46","2023-12-15","C201355"
"e7ed6cb2-74cf-4ebf-8a8e-6d7c7ffca846","Code","http://www.cdisc.org","After","Code_50","2023-12-15","C201356"
"be188ab6-b071-4f19-a89c-23c2d570e1d9","Code","http://www.cdisc.org","Start to Start","Code_51","2023-12-15","C201355"
"42799ee3-026b-4bb0-852e-1a8ee99232c7","Code","http://www.cdisc.org","After","Code_53","2023-12-15","C201356"
"1b8590e2-f17e-477e-bb14-f56f7c904644","Code","http://www.cdisc.org","Start to Start","Code_54","2023-12-15","C201355"
"f15aad6d-0000-410c-b2fe-b00dbfbd3fd4","Code","http://www.cdisc.org","After","Code_33","2023-12-15","C201356"
"f23530d3-0ac2-4fd2-a297-9bb1165815d0","Code","http://www.cdisc.org","Start to Start","Code_34","2023-12-15","C201355"
"0331563e-a301-4427-9b52-4d8a56c6e2df","Code","http://www.cdisc.org","After","Code_38","2023-12-15","C201356"
"a2972849-d948-46ab-9b52-5dd67c1d85dd","Code","http://www.cdisc.org","Start to Start","Code_39","2023-12-15","C201355"
"5c2a7a9d-0cee-42f7-a48b-513ba3f2305d","Code","http://www.cdisc.org","After","Code_43","2023-12-15","C201356"
"91b67727-ff47-4b48-b4a8-c97660e46e59","Code","http://www.cdisc.org","Start to Start","Code_44","2023-12-15","C201355"
"bfe1a395-71b9-4d7e-acd5-67a6d9bcb6bf","Code","http://www.cdisc.org","After","Code_48","2023-12-15","C201356"
"e190420d-87b2-4157-93db-46567c41ca74","Code","http://www.cdisc.org","Start to Start","Code_49","2023-12-15","C201355"
"bc10c0e9-0d56-499c-b0cf-cb143ad31e06","Code","http://www.cdisc.org","Fixed Reference","Code_56","2023-12-15","C201358"
"cd7e5b89-ab0b-4fca-bd3e-507c4fdca991","Code","http://www.cdisc.org","Start to Start","Code_57","2023-12-15","C201355"
"240cf3e8-0001-45c5-acd2-996822b6522b","Code","http://www.cdisc.org","Fixed Reference","Code_58","2023-12-15","C201358"
"72dae028-3392-4aa6-9f1f-b52e67fed6e8","Code","http://www.cdisc.org","Start to Start","Code_59","2023-12-15","C201355"
"44bca3f9-dca1-4205-94aa-6dccb2eb069b","Code","http://www.cdisc.org","Fixed Reference","Code_60","2023-12-15","C201358"
"cb3d02f6-52ce-46b0-9e20-9d602dde15b6","Code","http://www.cdisc.org","Start to Start","Code_61","2023-12-15","C201355"
"ef416c5c-9dd9-4e4f-ae7d-1c015fef72e9","Code","http://www.cdisc.org","After","Code_62","2023-12-15","C201356"
"f3c68392-72d3-4965-8e59-b5131336d6eb","Code","http://www.cdisc.org","Start to Start","Code_63","2023-12-15","C201355"
"2230b386-52f9-4aae-944e-57b75fab2c09","Code","http://www.cdisc.org","After","Code_64","2023-12-15","C201356"
"50d1c7cb-9043-4ce2-a2f8-ce4d503dc43a","Code","http://www.cdisc.org","End to Start","Code_65","2023-12-15","C201353"
"dab48054-e0f5-4c13-9a28-dbfae02c4fb2","Code","http://www.cdisc.org","After","Code_66","2023-12-15","C201356"
"7d81cdf8-745f-4c61-9486-5c72dc5734a8","Code","http://www.cdisc.org","Start to Start","Code_67","2023-12-15","C201355"
"659272fc-411d-4953-9f6d-112c9e7e47a4","Code","http://www.cdisc.org","After","Code_68","2023-12-15","C201356"
"a0974f73-3935-4d02-8fb0-d4926b8d8dc4","Code","http://www.cdisc.org","End to Start","Code_69","2023-12-15","C201353"
"6feb05cb-6233-4cd5-a6d2-443549c7e4c8","Code","http://www.cdisc.org","After","Code_70","2023-12-15","C201356"
"0029ba93-c5d9-4d9d-9a13-1b26f4864e0b","Code","http://www.cdisc.org","Start to Start","Code_71","2023-12-15","C201355"
"6fa2d6fb-fdd9-475c-bdec-11a74d883fa2","Code","http://www.cdisc.org","Clinical Study Sponsor","Code_602","2023-12-15","C70793"
"c5ae67e3-1f54-4a32-85dd-a9dbeea7c6d1","Code","ISO 3166 1 alpha3","United Kingdom of Great Britain and Northern Ireland","Code_603","2020-08","GBR"
"22fa4765-c934-4702-91b5-afd4534934e2","Code","http://www.cdisc.org","Study Acronym","Code_3","2023-12-15","C94108"
"284002c9-875b-4105-bdc0-6185f758fb1b","Code","http://www.cdisc.org","Brief Study Title","Code_5","2023-12-15","C99905x1"
"ad4d6972-01bd-4736-b129-3e9b3fbfbd1b","Code","http://www.cdisc.org","Official Study Title","Code_6","2023-12-15","C99905x2"
"329ad9cf-6f81-4c3e-b2f3-80b79fdf8616","Code","http://www.cdisc.org","Public Study Title","Code_7","2023-12-15","C99905x3"
"d3206b37-6ab1-4e25-9b16-4ba823bf295a","Code","http://www.cdisc.org","Final","Code_8","2023-12-15","C25508"
"2c41a395-30fc-4bd6-95f1-98f1051157f2","Code","http://www.cdisc.org","Protocol Effective Date","Code_11","2023-12-15","C99903x1"
"c39bd43e-2084-4407-9387-03c0a1680ccc","Code","http://www.cdisc.org","Region","Code_13","2023-12-15","C41129"
"cd397b68-85e9-4228-9387-c00b2d1e882b","Code","ISO 3166 1 alpha3","Europe","Code_12","2020-08","150"
