"uuid:ID","instanceType","isEnabled","id"
"9b912146-fa61-47ec-b708-f622084fa24d","ResponseCode","True","ResponseCode_151"
"591c6faa-51a9-4604-a39c-7959484f65e7","ResponseCode","True","ResponseCode_152"
"9798590d-df2f-4395-84d9-a4f2f8441ffd","ResponseCode","True","ResponseCode_153"
"ab3f4b42-e6d4-430f-a89a-ac04cbf8e7ee","ResponseCode","True","ResponseCode_154"
"5c651976-447f-4bc2-9efc-63937395872a","ResponseCode","True","ResponseCode_155"
"c8cd86bb-05d3-4e0f-b85f-dea535a3d981","ResponseCode","True","ResponseCode_156"
"1c7f3c6c-2af2-4771-b900-91d018bce7ea","ResponseCode","True","ResponseCode_157"
"b8470fea-561c-47e6-b719-7e4dc2192474","ResponseCode","True","ResponseCode_158"
"93eef8e0-5554-4fb0-8347-b52c0a7b955b","ResponseCode","True","ResponseCode_159"
"99b12b26-3fe0-40d2-b5ff-445c95a45503","ResponseCode","True","ResponseCode_160"
"0f984648-a352-4351-a160-fce552179159","ResponseCode","True","ResponseCode_161"
"6661880c-0783-4bdb-8afd-b0b0c7b7862c","ResponseCode","True","ResponseCode_162"
"1bb78f13-9961-4ca5-b542-09058b85fe7f","ResponseCode","True","ResponseCode_163"
"a8df2bfc-9260-4b28-b590-d73214b19a84","ResponseCode","True","ResponseCode_164"
"5e730caa-d0b0-4707-84bf-fcceb522dfef","ResponseCode","True","ResponseCode_165"
"f71e7ff3-6e91-42eb-a03b-e7cf123d1c06","ResponseCode","True","ResponseCode_166"
"a1212348-8dd4-4b66-9101-5f9859bae90d","ResponseCode","True","ResponseCode_167"
"f71e4cf8-f444-4934-970b-8979b2f0820b","ResponseCode","True","ResponseCode_168"
"359706b9-e274-4784-9094-a59fc6bdb12a","ResponseCode","True","ResponseCode_169"
"cefa5e11-442a-4cb5-a9e3-683d87605017","ResponseCode","True","ResponseCode_170"
"a4884209-6a6b-417e-9da3-3944baae04fe","ResponseCode","True","ResponseCode_171"
"862ad139-bb51-4ca3-a1b7-088a117a7a94","ResponseCode","True","ResponseCode_172"
"e718d7e0-c907-41f2-abaa-400f88709e38","ResponseCode","True","ResponseCode_173"
"f6d7e1cf-1770-4866-a132-74ae5c19ad0a","ResponseCode","True","ResponseCode_174"
"339d1669-5f07-47f0-bf29-3fc0a644c11a","ResponseCode","True","ResponseCode_175"
"d939dd16-7d50-4093-a99c-8bc37dce036c","ResponseCode","True","ResponseCode_176"
"4bf67fe8-8834-4547-99e7-045f8d6006ce","ResponseCode","True","ResponseCode_177"
"0376ec6e-af1f-4d3e-98f2-5e3789b36d9a","ResponseCode","True","ResponseCode_178"
"037ab3ac-462d-4bd8-819c-06a65b46bfe9","ResponseCode","True","ResponseCode_179"
"f197bf12-1bfc-493b-91ce-d3d28b8e8c39","ResponseCode","True","ResponseCode_180"
"51ff10de-6881-4f64-99fd-ebb76c0caa6a","ResponseCode","True","ResponseCode_181"
"84913c2c-cfc8-4177-9bdf-090c64f8625b","ResponseCode","True","ResponseCode_182"
"45bb6bd0-10de-4de6-8d8d-72a17c1ab8e5","ResponseCode","True","ResponseCode_183"
"4279e7b3-35cb-4be7-966e-cc7517d835b9","ResponseCode","True","ResponseCode_184"
"6e78429a-3222-452d-8127-cdb92e3cf48a","ResponseCode","True","ResponseCode_185"
"316936bf-43c9-4fcc-ae12-6fed9bdc6d20","ResponseCode","True","ResponseCode_186"
"930f6bb8-b86c-4b09-9cbe-c5570c9c8000","ResponseCode","True","ResponseCode_187"
"be8d3cda-d082-42c7-8470-f9c57e1a6fe0","ResponseCode","True","ResponseCode_188"
"052a0f5f-4171-43f3-9b8c-2c8c81a78ddf","ResponseCode","True","ResponseCode_189"
"4f3a553e-10a3-40af-8110-b63dbd161ac8","ResponseCode","True","ResponseCode_190"
"fad33aee-0516-400c-8053-e0df3ec25ee4","ResponseCode","True","ResponseCode_191"
"6051abc4-b5d0-46de-9a32-84e5ba1cc5e9","ResponseCode","True","ResponseCode_192"
"71c576cc-a25d-4460-8a52-6d71e34e9a38","ResponseCode","True","ResponseCode_193"
"a9b32a91-7277-4f0d-a501-8419c3a2cc52","ResponseCode","True","ResponseCode_194"
"6dba5702-ab65-4d36-806f-b72d23a51a6f","ResponseCode","True","ResponseCode_195"
"e8169430-3f97-42e4-beba-5a9a2b76f037","ResponseCode","True","ResponseCode_196"
"3f2f80bf-cd49-43c7-83bc-6723e190514b","ResponseCode","True","ResponseCode_197"
"5cbb3cff-8708-4b91-80da-e67d4526f3a7","ResponseCode","True","ResponseCode_198"
"08d832fa-18f1-4f06-bdce-03689130ce4c","ResponseCode","True","ResponseCode_199"
"29c0c316-c6a3-4b9a-9129-dc8c1febe555","ResponseCode","True","ResponseCode_200"
"36f393d6-f241-4db3-a312-ba12c5453e9b","ResponseCode","True","ResponseCode_201"
"c21e6072-642f-4e42-a1fd-ab92d56e9305","ResponseCode","True","ResponseCode_202"
"234234d2-e334-4c5a-a331-be96c3ef8935","ResponseCode","True","ResponseCode_203"
"dfd3289d-4b26-48d6-8ea0-5888bc5b6fd3","ResponseCode","True","ResponseCode_1"
"e26fd9a8-2fc0-4887-a02b-4e688b69397b","ResponseCode","True","ResponseCode_2"
"bcb8b963-5f57-4e5c-9336-fef04073df00","ResponseCode","True","ResponseCode_3"
"d5c91bfd-5a4c-44e2-88c2-eb5b46d4311b","ResponseCode","True","ResponseCode_4"
"b4b8084a-056a-448b-8d6d-7362095aae5e","ResponseCode","True","ResponseCode_5"
"b7812537-8ac5-4bf4-9bba-a6f90c0c8102","ResponseCode","True","ResponseCode_6"
"3e497eae-ebed-40f5-bc58-b604cf456024","ResponseCode","True","ResponseCode_7"
"847248be-6f0e-421d-a8e9-0d834a30595f","ResponseCode","True","ResponseCode_8"
"d2c4ba46-9bde-4ef1-aad1-253ccd2cd5b9","ResponseCode","True","ResponseCode_9"
"dae05278-1452-479b-9e01-5dbc4df95779","ResponseCode","True","ResponseCode_10"
"7c29ef69-3a94-4355-aa10-8fcd32090120","ResponseCode","True","ResponseCode_11"
"442af8c1-a2a4-4f6d-85f0-76e34d823b14","ResponseCode","True","ResponseCode_12"
"a212088a-9fc3-4dad-a1e2-b44221f9267d","ResponseCode","True","ResponseCode_13"
"83130519-7507-413a-ad88-9925f2a36e4e","ResponseCode","True","ResponseCode_14"
"652217d6-a6d2-49eb-b4eb-4a41a5baea4f","ResponseCode","True","ResponseCode_15"
"6baa2cf6-b9ae-426a-8f6f-afe526977673","ResponseCode","True","ResponseCode_16"
"d6da2b55-3883-445b-8bc8-22a56892b07c","ResponseCode","True","ResponseCode_17"
"2db74f38-576e-4d9c-9da8-1eab444cde4f","ResponseCode","True","ResponseCode_18"
"d2c3c7ba-c550-49f4-acbe-148ef969379b","ResponseCode","True","ResponseCode_19"
"39ca2f17-9691-4519-979a-4643a8fd2bf5","ResponseCode","True","ResponseCode_20"
"2e86476a-0849-40c2-9202-ad3851b74245","ResponseCode","True","ResponseCode_21"
"075476a5-1ba0-40de-b2c2-d09b2f1d31b3","ResponseCode","True","ResponseCode_22"
"78cbb1ee-a721-4dc4-b951-b29560f0ad89","ResponseCode","True","ResponseCode_23"
"b0418de6-51c9-4a39-b084-4caf1ffb3112","ResponseCode","True","ResponseCode_24"
"4f61b9a5-7e0f-4bac-afcb-b712c0013cb6","ResponseCode","True","ResponseCode_25"
"8f5de7b6-cdfa-4987-b581-88520ff7b4a8","ResponseCode","True","ResponseCode_26"
"9c914602-8841-45b6-b76a-906de9318541","ResponseCode","True","ResponseCode_27"
"eef7b514-64fe-49ea-a676-0f653fd228dc","ResponseCode","True","ResponseCode_28"
"1e30f185-1512-4a9a-a7b6-d651ff0c7c7e","ResponseCode","True","ResponseCode_29"
"a67d594f-bd05-4bb7-899d-98dfe4d4d186","ResponseCode","True","ResponseCode_30"
"2357c1f8-1704-4001-a539-66c1f5bca2a7","ResponseCode","True","ResponseCode_31"
"3d3b7d13-9341-4ed0-beb7-3b0e967a7d3b","ResponseCode","True","ResponseCode_32"
"38c3ce05-a420-4b7c-a643-c36db04ce655","ResponseCode","True","ResponseCode_33"
"0669c701-ff5f-4589-be2e-9f519fd8b0bd","ResponseCode","True","ResponseCode_34"
"a72121f4-ffc5-40a7-8de8-1172db4d4552","ResponseCode","True","ResponseCode_35"
"3f86252e-5adc-4a9f-a7cd-9683c06497e4","ResponseCode","True","ResponseCode_36"
"7b1ac55b-7be4-41e5-a410-369b6bb7a05a","ResponseCode","True","ResponseCode_37"
"d2830846-fc34-46dd-8c32-f07b6091f53d","ResponseCode","True","ResponseCode_38"
"26a929b3-e1f1-4f16-837c-05862da7725e","ResponseCode","True","ResponseCode_39"
"60ae03e1-5db4-49bd-9c21-c926d0b2021b","ResponseCode","True","ResponseCode_40"
"f8004b40-5454-4650-aa7d-57924aaacd94","ResponseCode","True","ResponseCode_41"
"2f1df184-632e-4b77-85c8-ec48eebb4a60","ResponseCode","True","ResponseCode_42"
"9cb1b821-43cf-4ed0-b05c-87c4710aa1e9","ResponseCode","True","ResponseCode_43"
"d49c1201-2e5a-4503-ac7e-909df7dd0b5f","ResponseCode","True","ResponseCode_44"
"89a198bf-e1c3-4f6c-862f-fbf11ff003ea","ResponseCode","True","ResponseCode_45"
"fa45a63c-62eb-4c4f-9806-529b813f9031","ResponseCode","True","ResponseCode_46"
"425ae724-32f8-4210-884a-49e5f2869312","ResponseCode","True","ResponseCode_47"
"7820151a-6aad-4e01-9a19-47f037216ca1","ResponseCode","True","ResponseCode_48"
"b3b28f6d-19fd-4da5-8aec-98598d863f03","ResponseCode","True","ResponseCode_49"
"07405b8a-3587-47a0-9d6a-fec684d5c22a","ResponseCode","True","ResponseCode_50"
"1e5f854d-0b5e-4bd8-bc36-212cc0617bf5","ResponseCode","True","ResponseCode_51"
"7b733fde-f5bf-4ebb-8eab-8288ad89a964","ResponseCode","True","ResponseCode_52"
"5d75394b-9d67-46a3-af2f-b1e2f90325c5","ResponseCode","True","ResponseCode_53"
"d9a5c5e4-9c24-4cef-adca-ee0d2f56295b","ResponseCode","True","ResponseCode_54"
"30dfde8f-0f65-46fd-8a43-f64ccc791b10","ResponseCode","True","ResponseCode_55"
"98d583af-bf37-47eb-9d93-68dd4c1bf30d","ResponseCode","True","ResponseCode_56"
"2fe876a6-ac52-44b5-a16b-8e7f65e9d165","ResponseCode","True","ResponseCode_57"
"8599fb57-c8fb-4c08-8c35-00013152ae02","ResponseCode","True","ResponseCode_58"
"75ce69df-041f-41e0-98a9-cd544a28ce3e","ResponseCode","True","ResponseCode_59"
"88b18e8d-491f-481a-aed7-cd17cbd8c3a7","ResponseCode","True","ResponseCode_60"
"193fb6eb-d745-4699-b2f4-ea6eb05c0897","ResponseCode","True","ResponseCode_61"
"abfb8903-cd99-4d82-9806-892db69887fc","ResponseCode","True","ResponseCode_62"
"616a6348-cd65-4c1b-8ce3-29bca365ae40","ResponseCode","True","ResponseCode_63"
"f97ed86d-c485-4fa6-8dbe-d77dc1183bcb","ResponseCode","True","ResponseCode_64"
"0ea298a5-ce2a-4fe6-9741-8347be628b0b","ResponseCode","True","ResponseCode_65"
"757e1984-80fb-4c91-89b5-4ff72cc5ccfc","ResponseCode","True","ResponseCode_66"
"fb7947c9-77a4-40e3-b2c3-57fe48d070f1","ResponseCode","True","ResponseCode_67"
"5f9bd38d-8177-4961-80a6-2dd4051525b3","ResponseCode","True","ResponseCode_68"
"debfa8ab-5f73-478a-ac11-a77abbfe04e7","ResponseCode","True","ResponseCode_69"
"8454a573-44db-4eae-8658-9fc6ee571237","ResponseCode","True","ResponseCode_70"
"2803ac08-303c-4817-8894-c6739d76dc10","ResponseCode","True","ResponseCode_71"
"2759adcd-e8a2-4094-a179-f4529c777929","ResponseCode","True","ResponseCode_72"
"e0d28f66-05a1-4f3a-8bcb-19c496395110","ResponseCode","True","ResponseCode_73"
"1d303879-a306-4442-bfd3-ca30804d16ca","ResponseCode","True","ResponseCode_74"
"448f215c-c40f-4435-8895-d25d7dd85544","ResponseCode","True","ResponseCode_75"
"d1d4e78f-c6d2-4553-9413-950fd542f53d","ResponseCode","True","ResponseCode_76"
"67644944-4a90-4c59-a8f4-2b5540320a6a","ResponseCode","True","ResponseCode_77"
"74cb6741-b36c-4d82-a2cc-83c525f74212","ResponseCode","True","ResponseCode_78"
"1d66962d-199b-4b3c-9be7-a037938ef7d7","ResponseCode","True","ResponseCode_79"
"55526025-a524-42be-ac79-0071542fa8a5","ResponseCode","True","ResponseCode_80"
"16a8e922-f51e-4047-8380-993ff0703f27","ResponseCode","True","ResponseCode_81"
"5e9dffa6-681a-4dfc-9d2d-327a1f4b961e","ResponseCode","True","ResponseCode_82"
"1da40288-a828-4aa7-ab18-a8f436967039","ResponseCode","True","ResponseCode_83"
"80378867-f242-43c9-9f45-08e2ddd06352","ResponseCode","True","ResponseCode_84"
"96b435a9-4e5a-40ae-a996-5f0acc7e638c","ResponseCode","True","ResponseCode_85"
"8e489207-f17c-47e5-84f5-33871466c6f4","ResponseCode","True","ResponseCode_86"
"93fc3d5f-ba11-4d63-81a9-88f0464c584f","ResponseCode","True","ResponseCode_87"
"82bd94c1-fb37-4900-b233-2fece45b5036","ResponseCode","True","ResponseCode_88"
"faef78b9-9a8b-4dee-8cdb-63311197664c","ResponseCode","True","ResponseCode_89"
"d281ab82-238f-46ed-a70a-59b601bb1c9d","ResponseCode","True","ResponseCode_90"
"3d779117-9018-4b9b-b564-f75e9441dd71","ResponseCode","True","ResponseCode_91"
"0563fa87-faf7-49bb-946d-95e04108302c","ResponseCode","True","ResponseCode_92"
"4407d9ee-dc4b-4704-914b-f2a68f840e5c","ResponseCode","True","ResponseCode_93"
"5b48c812-f968-415d-ab12-1af971414ff0","ResponseCode","True","ResponseCode_94"
"67ddd4bc-053a-45fc-a95c-186034f97b2e","ResponseCode","True","ResponseCode_95"
"19d50591-6e12-40e0-96e1-88a38434b640","ResponseCode","True","ResponseCode_96"
"f7b33070-492f-4dd5-9ffd-8fd0fe3d1a92","ResponseCode","True","ResponseCode_97"
"4ea1a579-cc96-4827-9ec0-cfe95b350f39","ResponseCode","True","ResponseCode_98"
"cf08bc44-d502-4d08-a6e7-5987668d26ca","ResponseCode","True","ResponseCode_99"
"70d7bbc5-a792-4dd5-aa29-94613ef182f8","ResponseCode","True","ResponseCode_100"
"7c1363db-cca8-4240-a9d0-1f04716400a8","ResponseCode","True","ResponseCode_101"
"d006d9f1-f079-43d0-8edf-e4826a4be5b5","ResponseCode","True","ResponseCode_102"
"1219c1fa-51ae-4f27-9a37-a3b49ebf817a","ResponseCode","True","ResponseCode_103"
"9adb091a-5a06-4f5d-98ef-cd8adfeb28f3","ResponseCode","True","ResponseCode_104"
"e103059c-07b1-4a1d-9af8-b1cfa92df481","ResponseCode","True","ResponseCode_105"
"1e4b5b45-7746-4700-a6c3-f539500373e3","ResponseCode","True","ResponseCode_106"
"2bd89ecc-f1d7-418b-982d-305255c0c4a0","ResponseCode","True","ResponseCode_107"
"42475832-f51b-48e1-bfd1-995dd86d8a92","ResponseCode","True","ResponseCode_108"
"0f6abf6d-38a8-45c4-8126-aacbfd69a984","ResponseCode","True","ResponseCode_109"
"781698eb-88d3-4e27-aace-b1c267d4539d","ResponseCode","True","ResponseCode_110"
"d28ab87d-d3e5-4dbc-a7fe-f9e841dcf22d","ResponseCode","True","ResponseCode_111"
"ecb8318e-1cd4-4df5-8621-5ddfe79f9003","ResponseCode","True","ResponseCode_112"
"0eb25808-e07a-4cb9-82b8-862cef84373d","ResponseCode","True","ResponseCode_113"
"bb4f8c1d-6f17-4320-9c42-8dcba914d976","ResponseCode","True","ResponseCode_114"
"c5024ea7-cd57-4311-a00c-b87e4183b27c","ResponseCode","True","ResponseCode_115"
"537e38f9-2bbd-4581-ac4c-bd35cae125c8","ResponseCode","True","ResponseCode_116"
"1f5bb0ef-c14f-4bc9-a0ac-73c0a7503228","ResponseCode","True","ResponseCode_117"
"b7bd4c38-2a37-4521-81d6-94ea4b9049d1","ResponseCode","True","ResponseCode_118"
"e598ecf8-4d4e-41a6-b24e-9f6eae0ce7a4","ResponseCode","True","ResponseCode_119"
"f567e44f-1dec-4e96-a549-0b23677fc901","ResponseCode","True","ResponseCode_120"
"7e6d73c0-e726-4c24-9d8e-4459c46e9918","ResponseCode","True","ResponseCode_121"
"f018e394-7ac6-41b7-95b4-143228661ee1","ResponseCode","True","ResponseCode_122"
"c67a15f6-08b0-4e63-9f42-9e58ca21cdca","ResponseCode","True","ResponseCode_123"
"b2b0df0f-56e8-42a7-97f6-11bde916a353","ResponseCode","True","ResponseCode_124"
"30d6c07c-0217-471f-9fd5-8f27ad361c8d","ResponseCode","True","ResponseCode_125"
"ceab1e94-43c7-45e5-8840-d7adb141c6c1","ResponseCode","True","ResponseCode_126"
"ffe33143-40da-438b-b363-5d70a0d91f35","ResponseCode","True","ResponseCode_127"
"be88f3fb-356f-450c-891a-26255acd88f1","ResponseCode","True","ResponseCode_128"
"4869017b-4182-48dc-95ea-a38ce2af2504","ResponseCode","True","ResponseCode_129"
"d485f477-53ac-4caf-bdf0-11a819f651e8","ResponseCode","True","ResponseCode_130"
"ad615aeb-f80d-4868-ad57-d7a4755e4faf","ResponseCode","True","ResponseCode_131"
"8288c44a-6a00-491d-b8e1-2a83704073df","ResponseCode","True","ResponseCode_132"
"ce615732-be72-4e78-a293-568bab7b71e8","ResponseCode","True","ResponseCode_133"
"9d395040-cad2-4296-b3bd-d2a43a6e9d33","ResponseCode","True","ResponseCode_134"
"961b2db3-7565-456e-97ac-68163d66f192","ResponseCode","True","ResponseCode_135"
"0de633be-77ec-485b-aa72-280756f654bc","ResponseCode","True","ResponseCode_136"
"4cdbf95b-0edc-4860-aed4-873ed1c1c571","ResponseCode","True","ResponseCode_137"
"b69b8c4d-2239-4172-aa2f-55db52233559","ResponseCode","True","ResponseCode_138"
"526f0c29-8e1f-4072-a15b-93d900f1c579","ResponseCode","True","ResponseCode_139"
"adc1f0be-d496-46bb-a160-5cff0b2eac2e","ResponseCode","True","ResponseCode_140"
"2e392976-9842-4ef1-8cbf-3894a2c46f26","ResponseCode","True","ResponseCode_141"
"88888e3c-92bd-4727-b2cb-dc31fbc05507","ResponseCode","True","ResponseCode_142"
"e704fdaf-3879-4548-8d34-562dbf82cd2b","ResponseCode","True","ResponseCode_143"
"805fe9b2-31d2-46f0-bd48-13f4e80738e7","ResponseCode","True","ResponseCode_144"
"3d395515-e64e-4194-a345-074964f5c044","ResponseCode","True","ResponseCode_145"
"bf61e8da-52bc-4d53-a3d3-39daabe539b8","ResponseCode","True","ResponseCode_146"
"f2b612a3-1c34-4537-89e8-94dfc0ae8372","ResponseCode","True","ResponseCode_147"
"defdbf29-b5e1-4bc8-9035-9197ddfb9c32","ResponseCode","True","ResponseCode_148"
"1e9293f2-6ccc-47bd-ae86-0c4ac95e6b20","ResponseCode","True","ResponseCode_149"
"a1a61db4-ea64-4fe5-96f2-12abc0c5a18f","ResponseCode","True","ResponseCode_150"
