"decode","instanceType","uuid:ID","id","codeSystem","code","codeSystemVersion"
"Interventional Study","Code","35c52d07-3729-4360-bebb-445faafb74cd","Code_1","http://www.cdisc.org","C98388","2023-12-15"
"Phase II Trial","Code","4afe7a8a-a268-4bba-9c68-122b3f07408c","Code_2","http://www.cdisc.org","C15601","2023-12-15"
"Sponsor Approval Date","Code","81b1c239-c319-429a-ac28-383bd96a9b13","Code_9","http://www.cdisc.org","C132352","2023-12-15"
"Global","Code","6be9ad81-581e-4491-8e52-92afe51f227f","Code_10","http://www.cdisc.org","C68846","2023-12-15"
"IRB/IEC Feedback","Code","fe0d8476-8009-48b6-b2c2-251ba6502720","Code_72","http://www.cdisc.org","C99904x3","2023-12-15"
"Other","Code","6eb810e7-dc83-4b71-afc4-9840351e6772","Code_73","http://www.cdisc.org","C17649","2023-12-15"
"Region","Code","08cf7510-2369-4985-b085-f12aadc447d6","Code_75","http://www.cdisc.org","C41129","2023-12-15"
"Europe","Code","bfb34b75-f87e-497e-9d6b-64345456ca89","Code_74","ISO 3166 1 alpha3","150","2020-08"
"Eli Lilly","Code","8ebe0238-1ee4-4211-9b42-9027c638f8b9","Code_4","SPONSOR","PHARMA","12"
"Clinical Study Sponsor","Code","23e66b92-cfbc-4def-a95f-6dc33d30d125","Code_76","http://www.cdisc.org","C70793","2023-12-15"
"United States of America","Code","ecc8843f-67b3-4dc3-9da5-5b77fc35bdff","Code_77","ISO 3166 1 alpha3","USA","2020-08"
"Study Registry","Code","139c6cd2-6ae0-4066-8d1e-d47e2061b8fc","Code_78","http://www.cdisc.org","C93453","2023-12-15"
"United States of America","Code","8d631df4-c4f9-42dd-86ad-54b8a2c46e0b","Code_79","ISO 3166 1 alpha3","USA","2020-08"
"Treatment Study","Code","c23f2ce0-5742-40b1-8dda-1c57f9552bac","Code_137","http://www.cdisc.org","C49656","2023-12-15"
"Efficacy Study","Code","9429c9d3-500e-4f4d-9fbd-2f2d1c3eef16","Code_138","http://www.cdisc.org","C49666","2023-12-15"
"Safety Study","Code","fd966cc0-4279-4658-bf4b-f922404bfd44","Code_139","http://www.cdisc.org","C49667","2023-12-15"
"Pharmacokinetic Study","Code","92b4d8db-1767-481d-a09e-1a3358d2e13b","Code_140","http://www.cdisc.org","C49663","2023-12-15"
"Mild to Moderate Alzheimer's Disease","Code","6d551ebb-de74-4e15-b792-35ada481492f","Code_134","SPONSOR","MILD_MOD_ALZ","12"
"Alzheimer's disease","Code","c54d2d8e-2d80-4b90-bd8c-ab6aa921b7b6","Code_135","SNOMED","26929004","January 31, 2018"
"EXTENSION","Code","9e92743a-a60c-439e-b0c1-e6d106d29d74","Code_143","http://www.cdisc.org","C99907x1","2023-12-15"
"ADAPTIVE","Code","bca530ec-299d-4e66-ba43-467e33707c0f","Code_144","http://www.cdisc.org","C98704","2023-12-15"
"Parallel Study","Code","dd7fcad2-e6ae-456f-936b-3b26a1c72d0f","Code_141","http://www.cdisc.org","C82639","2023-12-15"
"Visit","Code","0fb986f5-778f-4082-8e3d-14cd8bc89735","Code_83","http://www.cdisc.org","C25716","2023-12-15"
"Clinic","Code","4c522fe9-0634-43cf-b84d-880a7a09605d","Code_84","http://www.cdisc.org","C51282","2023-12-15"
"In Person","Code","1d17f311-6f57-4a62-b320-33a6e30f5913","Code_85","http://www.cdisc.org","C175574","2023-12-15"
"Visit","Code","e7c48747-56bb-414d-8045-eb70ea2ac52e","Code_86","http://www.cdisc.org","C25716","2023-12-15"
"Clinic","Code","09d9b4cb-ebb1-4974-a4bc-99cafaaef6d1","Code_87","http://www.cdisc.org","C51282","2023-12-15"
"In Person","Code","643eea39-b963-4abb-8e0a-3231059559ed","Code_88","http://www.cdisc.org","C175574","2023-12-15"
"Visit","Code","503d2db3-c614-4b78-a7a2-9de167f5afc8","Code_89","http://www.cdisc.org","C25716","2023-12-15"
"Clinic","Code","814def9e-f1d2-4d53-8504-c398e75f0010","Code_90","http://www.cdisc.org","C51282","2023-12-15"
"In Person","Code","aee4ef0b-62c5-4c7c-8ccf-e18124ea549d","Code_91","http://www.cdisc.org","C175574","2023-12-15"
"Visit","Code","d916154d-79a0-480c-a23f-012945830c6b","Code_92","http://www.cdisc.org","C25716","2023-12-15"
"Clinic","Code","1977c892-0254-429b-8b2c-5dd7a4b55917","Code_93","http://www.cdisc.org","C51282","2023-12-15"
"In Person","Code","860c9ed4-21ed-4c4d-a1c3-4d06b4df159d","Code_94","http://www.cdisc.org","C175574","2023-12-15"
"Visit","Code","f62f70cf-573f-4a97-b9f5-850fa0b0566e","Code_95","http://www.cdisc.org","C25716","2023-12-15"
"Clinic","Code","20e709ad-91a7-4b95-8273-ff3066375894","Code_96","http://www.cdisc.org","C51282","2023-12-15"
"In Person","Code","6722dd56-5237-48fa-942f-57861db6d2e0","Code_97","http://www.cdisc.org","C175574","2023-12-15"
"Visit","Code","a04cd776-ec21-4a40-8f6b-5785cf2789fb","Code_98","http://www.cdisc.org","C25716","2023-12-15"
"Clinic","Code","f589f502-6b70-48fb-86d8-2d7f96e85751","Code_99","http://www.cdisc.org","C51282","2023-12-15"
"In Person","Code","7e06b3a4-ee57-4699-a9df-b0d46b965034","Code_100","http://www.cdisc.org","C175574","2023-12-15"
"Visit","Code","dadc0603-6330-4296-acd1-8f01453a0a53","Code_101","http://www.cdisc.org","C25716","2023-12-15"
"Clinic","Code","451775d5-b84f-4221-81b4-873a20f3aac0","Code_102","http://www.cdisc.org","C51282","2023-12-15"
"In Person","Code","1b0ceaa5-a110-412e-9d8d-74df59d2470b","Code_103","http://www.cdisc.org","C175574","2023-12-15"
"Telephone Call","Code","e8505852-983c-46c9-9692-0a28bbf82f54","Code_104","http://www.cdisc.org","C171537","2023-12-15"
"Visit","Code","6c8a7adc-9cb8-4935-9836-018ef7d0a41b","Code_105","http://www.cdisc.org","C25716","2023-12-15"
"Clinic","Code","3bb81b7b-ac68-4f5e-a908-89b60fbb38bc","Code_106","http://www.cdisc.org","C51282","2023-12-15"
"In Person","Code","f6575a9a-0e23-4368-89ff-a6e3a8feec20","Code_107","http://www.cdisc.org","C175574","2023-12-15"
"Telephone Call","Code","ceb645d1-791d-4a1e-89bf-35607826bdaf","Code_108","http://www.cdisc.org","C171537","2023-12-15"
"Visit","Code","e049057d-01d7-4b53-8f86-c2dd7e8103bb","Code_109","http://www.cdisc.org","C25716","2023-12-15"
"Clinic","Code","2fd19165-c60e-4208-99eb-8fbc87193f00","Code_110","http://www.cdisc.org","C51282","2023-12-15"
"In Person","Code","40e71d61-9b5f-4c2f-8db5-4536490e8e70","Code_111","http://www.cdisc.org","C175574","2023-12-15"
"Telephone Call","Code","ffc4d7dd-ce45-461a-b498-197727be38d6","Code_112","http://www.cdisc.org","C171537","2023-12-15"
"Visit","Code","acab66ed-5f65-40e1-b80f-2b0bac3870dd","Code_113","http://www.cdisc.org","C25716","2023-12-15"
"Clinic","Code","0ca0622f-9a5c-474a-bfef-0960a9375e5f","Code_114","http://www.cdisc.org","C51282","2023-12-15"
"In Person","Code","3a8885d7-5512-43cd-a672-8a994def2542","Code_115","http://www.cdisc.org","C175574","2023-12-15"
"Telephone Call","Code","4d43a8c6-675a-4b84-84a5-f49a1312d969","Code_116","http://www.cdisc.org","C171537","2023-12-15"
"Visit","Code","dba5f5af-3ba6-4fb4-a63f-0cbb9cc422f7","Code_117","http://www.cdisc.org","C25716","2023-12-15"
"Clinic","Code","70e4b90e-5f81-4d75-a37e-a73f2148cd8d","Code_118","http://www.cdisc.org","C51282","2023-12-15"
"In Person","Code","f5ff8e88-5893-445b-ba87-59cb507420ff","Code_119","http://www.cdisc.org","C175574","2023-12-15"
"Visit","Code","5a9b7db2-889d-45b1-9151-0a7e85b02236","Code_120","http://www.cdisc.org","C25716","2023-12-15"
"Clinic","Code","214e4551-ac22-4a18-826c-ded9287adb0f","Code_121","http://www.cdisc.org","C51282","2023-12-15"
"In Person","Code","672268dd-7aa2-4b8b-853d-554f2c67100e","Code_122","http://www.cdisc.org","C175574","2023-12-15"
"CT of head without contrast","Code","cc72b270-000a-4da5-9e40-753d4dff3644","Code_80","SNOMED","383371000119108","January 31, 2018"
"Subject Supine","Code","6687d9d7-daff-4ff4-a30d-ec217e60efaf","Code_81","SPONSOR","123","12"
"Subject Standing","Code","c8a23411-ffcf-4715-be97-90909ab45b51","Code_82","SPONSOR","124","12"
"Dictionary-derived Term","Code","338a0cb4-f90a-48c5-8b2a-9592638e520e","Code_429","http://www.cdisc.org","C82977","2023-12-15"
"Reported Event Term","Code","6cf19698-9fb1-4e18-8059-51dece5b5381","Code_430","http://www.cdisc.org","C82571","2023-12-15"
"Observation Start Date Time","Code","a27f3878-b9ab-4b61-9ca5-218643439e22","Code_431","http://www.cdisc.org","C82517","2023-12-15"
"Informed Consent","Code","8d8f52b8-5d7e-46ce-a3fe-c12f9df9698b","Code_432","http://www.cdisc.org","C16735","2023-12-15"
"Male","Code","003eedd7-8ab9-4324-8951-fedabd44f506","Code_433","http://www.cdisc.org","C20197","2023-12-15"
"Female","Code","11abd5d5-5f24-4aad-93a1-0870f8e76dc8","Code_434","http://www.cdisc.org","C16576","2023-12-15"
"Sex","Code","77e1f4d1-3f7c-4cfc-b8f5-fdc4a7d695c3","Code_435","http://www.cdisc.org","C28421","2023-12-15"
"Sex","Code","14e8e02e-b972-4484-b0a9-13cf57f70023","Code_436","http://www.cdisc.org","C28421","2023-12-15"
"Race","Code","abf120a0-d11d-4050-8b25-37ac6dca0b81","Code_437","http://www.cdisc.org","C17049","2023-12-15"
"Race","Code","59f1e11a-5328-4334-abae-5c97fd5f7a83","Code_438","http://www.cdisc.org","C17049","2023-12-15"
"TEMP","Code","9970e007-9942-41e9-8a29-d274b50f7f8b","Code_439","http://www.cdisc.org","C174446","2023-12-15"
"Clinical Test Result","Code","ebaf88c2-f810-4b95-a772-4645ebdeca43","Code_440","http://www.cdisc.org","C77140","2023-12-15"
"Degree Celsius","Code","19467c2d-3752-49bf-9a28-6f8c2d1bb856","Code_441","http://www.cdisc.org","C42559","2023-12-15"
"Degree Fahrenheit","Code","8d29393f-9ebe-45f5-b264-10580fba9486","Code_442","http://www.cdisc.org","C44277","2023-12-15"
"Kelvin","Code","b150d8fc-9d1b-436c-ad99-6b7eb13a5a76","Code_443","http://www.cdisc.org","C42537","2023-12-15"
"Unit of Temperature","Code","1fe51794-3b82-4621-a1d5-ed69800e403e","Code_444","http://www.cdisc.org","C44276","2023-12-15"
"Axilla","Code","16bc4c0c-01b8-485b-8e4f-4ee9821c4c33","Code_445","http://www.cdisc.org","C12674","2023-12-15"
"Ear","Code","a211a227-8c3c-48f6-9558-40ab23b02637","Code_446","http://www.cdisc.org","C12394","2023-12-15"
"Forehead","Code","e84d0899-618f-4eb8-8e5e-f5e32baab4b7","Code_447","http://www.cdisc.org","C89803","2023-12-15"
"Oral Cavity","Code","631cd73b-fa48-4b2d-999b-c0f915eae58b","Code_448","http://www.cdisc.org","C12421","2023-12-15"
"Rectum","Code","b72bca47-1fb8-448b-9b73-24ce9320b4d4","Code_449","http://www.cdisc.org","C12390","2023-12-15"
"Anatomic Site","Code","c4c1e48e-6047-40eb-bfd1-84b4225f2922","Code_450","http://www.cdisc.org","C13717","2023-12-15"
"TEMP","Code","a521dd9d-03b6-48d4-8704-0d1ef2b58a76","Code_451","http://www.cdisc.org","C174446","2023-12-15"
"WEIGHT","Code","9ae08084-1cca-4e69-b34d-a39a4adc0d9b","Code_452","http://www.cdisc.org","C25208","2023-12-15"
"Clinical Test Result","Code","dfc93609-d8e8-4523-94d5-98fa1f171a2d","Code_453","http://www.cdisc.org","C77140","2023-12-15"
"Pound","Code","213c3622-b8c9-431a-93fd-d47d52656acf","Code_454","http://www.cdisc.org","C48531","2023-12-15"
"Gram","Code","053e9196-ed48-4d26-a1dd-12e4148907df","Code_455","http://www.cdisc.org","C48155","2023-12-15"
"Kilogram","Code","03283905-4cad-4640-ba0a-a4df7bf75643","Code_456","http://www.cdisc.org","C28252","2023-12-15"
"Unit of Weight","Code","1579fdbb-a7ec-4c36-9fbf-b3be36cb8c07","Code_457","http://www.cdisc.org","C48208","2023-12-15"
"WEIGHT","Code","1613215a-eec7-4a55-bce6-f8a32023d89b","Code_458","http://www.cdisc.org","C25208","2023-12-15"
"HEIGHT","Code","e1564ea6-3d8b-4021-9da4-ac9183a5b5a2","Code_459","http://www.cdisc.org","C25347","2023-12-15"
"Clinical Test Result","Code","6c9bfb99-3a4d-4507-86b3-b188b2012a35","Code_460","http://www.cdisc.org","C77140","2023-12-15"
"Centimeter","Code","d5f3d32e-f678-475c-b983-97030a000bb6","Code_461","http://www.cdisc.org","C49668","2023-12-15"
"Inch","Code","a5c36aad-d8dc-48e5-ace5-7d81947c8c90","Code_462","http://www.cdisc.org","C48500","2023-12-15"
"Meter","Code","0de92864-4d59-4db6-95a3-1297735e3535","Code_463","http://www.cdisc.org","C41139","2023-12-15"
"Unit of Height","Code","db8d1105-0207-4db3-860d-fb78468db736","Code_464","http://www.cdisc.org","C168688","2023-12-15"
"HEIGHT","Code","b035a859-3091-4ec7-9f16-fe82389e965e","Code_465","http://www.cdisc.org","C25347","2023-12-15"
"ALT","Code","00dea78c-cd74-4a17-8815-d1c3dd81a76a","Code_466","http://www.cdisc.org","C64433","2023-12-15"
"Laboratory Test Result","Code","89c25fe7-4f5b-4ff2-9998-888598b631a5","Code_467","http://www.cdisc.org","C36292","2023-12-15"
"Unit per Liter","Code","7471c748-aaa2-41cc-97b8-6a778a414bfb","Code_468","http://www.cdisc.org","C67456","2023-12-15"
"Microkatal per Liter","Code","73e8ff1e-9454-4feb-8618-bbb5faf80444","Code_469","http://www.cdisc.org","C67397","2023-12-15"
"International Unit per Liter","Code","1f61b623-7880-4fef-adce-80586dd23a15","Code_470","http://www.cdisc.org","C67376","2023-12-15"
"Nanokatal per Liter","Code","6d96e121-af14-483e-90fb-23407cbe5884","Code_471","http://www.cdisc.org","C70510","2023-12-15"
"Unit of Catalytic Activity Concentration","Code","16ac2b33-a6fe-4856-bcdf-0a4e65d51183","Code_472","http://www.cdisc.org","C67365","2023-12-15"
"Biospecimen Type","Code","eff74a5f-9687-4241-8f04-5cf6c871c40b","Code_473","http://www.cdisc.org","C70713","2023-12-15"
"No","Code","5a31e333-3964-4b25-abac-d5de7949fea3","Code_474","http://www.cdisc.org","C49487","2023-12-15"
"Yes","Code","4b1258b4-2e9b-461c-9668-c2594cf3563a","Code_475","http://www.cdisc.org","C49488","2023-12-15"
"Laboratory Test Fasting Status","Code","9a6a38a9-2f06-4da5-9354-7d733e5a87d0","Code_476","http://www.cdisc.org","C83309","2023-12-15"
"ALT","Code","473c37a4-25d4-4263-a030-d21a37ab6307","Code_477","http://www.cdisc.org","C64433","2023-12-15"
"ALB","Code","615ce5cf-f9a0-48d2-8bb9-72fb91bd6dc0","Code_478","http://www.cdisc.org","C64431","2023-12-15"
"Laboratory Test Result","Code","f239b809-d62b-4c89-abb5-749e968e66d6","Code_479","http://www.cdisc.org","C36292","2023-12-15"
"Biospecimen Type","Code","601beaae-29d3-489e-9071-54a8a4f45488","Code_480","http://www.cdisc.org","C70713","2023-12-15"
"No","Code","ad61df38-52dd-4e19-b2d7-2accd6604ea3","Code_481","http://www.cdisc.org","C49487","2023-12-15"
"Yes","Code","6825f204-2ce8-4ba6-af56-68d83bbc97e5","Code_482","http://www.cdisc.org","C49488","2023-12-15"
"Laboratory Test Fasting Status","Code","998e94d4-caed-4377-9fd1-3df0db6971d9","Code_483","http://www.cdisc.org","C83309","2023-12-15"
"ALB","Code","fdeee9ff-26da-4795-acf4-0dd3a07cdb11","Code_484","http://www.cdisc.org","C64431","2023-12-15"
"ALP","Code","2194f639-da7e-4e90-b3d6-6ba2763f6467","Code_485","http://www.cdisc.org","C64432","2023-12-15"
"Laboratory Test Result","Code","9285ffb6-f486-4068-ba53-f0811cb64da6","Code_486","http://www.cdisc.org","C36292","2023-12-15"
"Unit per Liter","Code","967829e9-be86-464c-ae9a-6f60f3c8108b","Code_487","http://www.cdisc.org","C67456","2023-12-15"
"Microkatal per Liter","Code","9e431a60-0bf3-4d49-ae57-e3158aad994a","Code_488","http://www.cdisc.org","C67397","2023-12-15"
"International Unit per Liter","Code","2c80adf7-2ead-42a4-8cac-4b14e2f896f5","Code_489","http://www.cdisc.org","C67376","2023-12-15"
"Unit of Catalytic Activity Concentration","Code","d8175893-d0ac-454b-a741-e696e41e602d","Code_490","http://www.cdisc.org","C67365","2023-12-15"
"Biospecimen Type","Code","e58e1150-46f2-4312-8940-582856cdc9fa","Code_491","http://www.cdisc.org","C70713","2023-12-15"
"No","Code","382e9b9a-4476-415a-a903-a835830f7127","Code_492","http://www.cdisc.org","C49487","2023-12-15"
"Yes","Code","54a3986c-ae90-4765-a5ae-d29794bb9d5e","Code_493","http://www.cdisc.org","C49488","2023-12-15"
"Laboratory Test Fasting Status","Code","1d33f7d4-f5c0-4202-894e-bf6229d8f4a7","Code_494","http://www.cdisc.org","C83309","2023-12-15"
"ALP","Code","2255924a-ad56-44d8-a44c-23cc4173f9a1","Code_495","http://www.cdisc.org","C64432","2023-12-15"
"AST","Code","aafcab18-888e-4b9a-a9ba-8a2bd8446a2d","Code_496","http://www.cdisc.org","C64467","2023-12-15"
"Laboratory Test Result","Code","ff8ec76d-77dc-4883-bcb5-3a834d5dbf4c","Code_497","http://www.cdisc.org","C36292","2023-12-15"
"Unit per Liter","Code","dfb95b50-5303-459e-ae3b-aa23b7ce9d03","Code_498","http://www.cdisc.org","C67456","2023-12-15"
"Microkatal per Liter","Code","9c598f00-edde-40ef-bcac-2e186d4710a3","Code_499","http://www.cdisc.org","C67397","2023-12-15"
"International Unit per Liter","Code","935377aa-d5ef-4ca8-804a-428d293c6e3a","Code_500","http://www.cdisc.org","C67376","2023-12-15"
"Unit of Catalytic Activity Concentration","Code","83c7d7fd-0aa8-4642-860b-5b440a344099","Code_501","http://www.cdisc.org","C67365","2023-12-15"
"Biospecimen Type","Code","8dbbd2e4-cc86-4b42-8013-5e1ff00b9018","Code_502","http://www.cdisc.org","C70713","2023-12-15"
"No","Code","c833349c-5e01-41b6-98d2-c11ef0b5b0b8","Code_503","http://www.cdisc.org","C49487","2023-12-15"
"Yes","Code","26916a69-536f-4f31-8638-b654d99ab2d4","Code_504","http://www.cdisc.org","C49488","2023-12-15"
"Laboratory Test Fasting Status","Code","5b915fd7-8bc9-4b98-88a3-aed1232fe777","Code_505","http://www.cdisc.org","C83309","2023-12-15"
"AST","Code","0547fb33-9e2f-40aa-95da-beb4d27dcb92","Code_506","http://www.cdisc.org","C64467","2023-12-15"
"CREAT","Code","a1928d96-d3ed-4c95-94c4-aae61f75a939","Code_507","http://www.cdisc.org","C64547","2023-12-15"
"Laboratory Test Result","Code","5c1f54df-e2dd-4264-a306-347ce0630dde","Code_508","http://www.cdisc.org","C36292","2023-12-15"
"Milligram per Deciliter","Code","33846e59-4777-4984-ac64-2c3d84cc7d60","Code_509","http://www.cdisc.org","C67015","2023-12-15"
"Microgram per Milliliter","Code","96fb7927-6a67-48db-bc68-04bb3df80eab","Code_510","http://www.cdisc.org","C64572","2023-12-15"
"Millimole per Liter","Code","6ef3881c-70b4-4452-84fb-0eb5886a3229","Code_511","http://www.cdisc.org","C64387","2023-12-15"
"Micromole per Liter","Code","2448d562-09a2-4df9-a7e1-8df415c6c213","Code_512","http://www.cdisc.org","C48508","2023-12-15"
"Unit of Concentration","Code","60027461-5a93-4bad-8adc-a2cd9e467524","Code_513","http://www.cdisc.org","C48207","2023-12-15"
"Biospecimen Type","Code","3ec9ebec-3d5b-47f1-a9fd-e888496812cd","Code_514","http://www.cdisc.org","C70713","2023-12-15"
"No","Code","6efe0b5b-b464-44b2-ae14-764e996aec97","Code_515","http://www.cdisc.org","C49487","2023-12-15"
"Yes","Code","a0526bda-3853-40dc-86da-6a0a5fa674d4","Code_516","http://www.cdisc.org","C49488","2023-12-15"
"Laboratory Test Fasting Status","Code","bd97f870-c1db-4d7b-a3b9-df13a22e4d85","Code_517","http://www.cdisc.org","C83309","2023-12-15"
"CREAT","Code","ee63cc5f-d02d-4b74-be0b-af866f060826","Code_518","http://www.cdisc.org","C64547","2023-12-15"
"K","Code","a4a4d0b8-a982-48bb-98f2-36fb11a0aa91","Code_519","http://www.cdisc.org","C64853","2023-12-15"
"Laboratory Test Result","Code","bc805db0-6f6f-42e2-9d50-0999061e8fd7","Code_520","http://www.cdisc.org","C36292","2023-12-15"
"Milliequivalent per Liter","Code","f96e1ee7-8e83-4f99-a16d-4c709374af81","Code_521","http://www.cdisc.org","C67474","2023-12-15"
"Milliequivalent per Deciliter","Code","10ca035c-eeca-4cc0-ae79-df37d46beb5b","Code_522","http://www.cdisc.org","C67473","2023-12-15"
"Millimole per Liter","Code","36c93d4f-7466-4187-bb7a-4ede3fc3ddce","Code_523","http://www.cdisc.org","C64387","2023-12-15"
"Molarity Unit","Code","ae5470df-e861-413c-b58e-c2570377300e","Code_524","http://www.cdisc.org","C64567","2023-12-15"
"Biospecimen Type","Code","03472217-fc73-4505-aa69-119c67c9ff8d","Code_525","http://www.cdisc.org","C70713","2023-12-15"
"No","Code","1858502b-f3e5-4b68-9107-3fd85d0e1869","Code_526","http://www.cdisc.org","C49487","2023-12-15"
"Yes","Code","940351d4-d236-440d-a3d9-6f3bedef3353","Code_527","http://www.cdisc.org","C49488","2023-12-15"
"Laboratory Test Fasting Status","Code","11efb0b0-fc8a-4fa1-804e-06bc097ce186","Code_528","http://www.cdisc.org","C83309","2023-12-15"
"K","Code","2e9998ff-d585-4aef-be97-a845bf658ee3","Code_529","http://www.cdisc.org","C64853","2023-12-15"
"SODIUM","Code","8a3f285c-078c-4295-af0a-eb7c0a653583","Code_530","http://www.cdisc.org","C64809","2023-12-15"
"Laboratory Test Result","Code","6437806b-88cd-40dd-ba31-1bdb5b5d3735","Code_531","http://www.cdisc.org","C36292","2023-12-15"
"Milliequivalent per Liter","Code","c87e382f-d97d-4d24-aed4-e1cde8d563df","Code_532","http://www.cdisc.org","C67474","2023-12-15"
"Milliequivalent per Deciliter","Code","f8c1fc91-fc4c-4bd6-96ce-4414a3943736","Code_533","http://www.cdisc.org","C67473","2023-12-15"
"Millimole per Liter","Code","fb7d48a1-09a3-42c0-aa78-2d0382b38a96","Code_534","http://www.cdisc.org","C64387","2023-12-15"
"Molarity Unit","Code","3788ab63-0150-4e7d-871d-61b342e77687","Code_535","http://www.cdisc.org","C64567","2023-12-15"
"Biospecimen Type","Code","d83e7328-23ce-4c06-8a92-f7683d84c759","Code_536","http://www.cdisc.org","C70713","2023-12-15"
"No","Code","368cfb04-8b81-4444-88a3-f0294ccc6e58","Code_537","http://www.cdisc.org","C49487","2023-12-15"
"Yes","Code","a08ca3ef-67c6-4577-9a1e-d5eb36de3102","Code_538","http://www.cdisc.org","C49488","2023-12-15"
"Laboratory Test Fasting Status","Code","4c13999f-3bdf-47b5-9702-af1a6f9ffe89","Code_539","http://www.cdisc.org","C83309","2023-12-15"
"SODIUM","Code","a6aece64-7801-4e7f-b657-988bb02bc106","Code_540","http://www.cdisc.org","C64809","2023-12-15"
"HBA1C","Code","1ed9c61a-26cf-472f-bf46-56d1ef3caaeb","Code_541","http://www.cdisc.org","C64849","2023-12-15"
"Laboratory Test Result","Code","95c4a365-ab58-48cc-b345-090af66877a1","Code_542","http://www.cdisc.org","C36292","2023-12-15"
"Gram per Deciliter","Code","62c7a89b-81bc-42f4-a4a0-669b22ccbee9","Code_543","http://www.cdisc.org","C64783","2023-12-15"
"LBORRESU","Code","db202f39-4690-4afd-8dd0-193ea13b1a32","Code_544","http://www.cdisc.org","No Concept Code","2023-12-15"
"Biospecimen Type","Code","e64d758d-f4b2-4b15-beb3-b02a21608dbb","Code_545","http://www.cdisc.org","C70713","2023-12-15"
"No","Code","f4b936f0-c49b-4fec-a7df-2c46d7bd0563","Code_546","http://www.cdisc.org","C49487","2023-12-15"
"Yes","Code","f3405bc5-a3db-499a-9417-de46df3fc145","Code_547","http://www.cdisc.org","C49488","2023-12-15"
"Laboratory Test Fasting Status","Code","9e408eb6-7379-4928-a006-336b2a737b13","Code_548","http://www.cdisc.org","C83309","2023-12-15"
"HBA1C","Code","e4350ac3-db95-4174-84f9-1cdc15b95594","Code_549","http://www.cdisc.org","C64849","2023-12-15"
"Adverse Event Verbatim Description","Code","f22ba0c5-2903-4b52-bbbe-dc5bffbe1f65","Code_145","http://www.cdisc.org","C78541","2023-12-15"
"Adverse Event Dictionary Derived Term","Code","22bc449e-2f86-4cc5-ae39-e1cd2756a0d6","Code_146","http://www.cdisc.org","C83344","2023-12-15"
"No","Code","d6e98f17-1069-42f8-a50a-7bf0046e97b8","Code_147","http://www.cdisc.org","C49487","2023-12-15"
"Yes","Code","4a324182-24a1-4bc6-9eff-0f2d529ad888","Code_148","http://www.cdisc.org","C49488","2023-12-15"
"Adverse Event Pre-specified","Code","a50df0f3-21d8-4186-a721-3353f9fb810d","Code_149","http://www.cdisc.org","C87840","2023-12-15"
"Adverse Event Location","Code","7d671b74-d36a-49da-92b5-1164b2d63196","Code_150","http://www.cdisc.org","C83205","2023-12-15"
"Severity of Adverse Event","Code","89069556-d028-4607-be7b-051bbb110567","Code_151","http://www.cdisc.org","C53253","2023-12-15"
"No","Code","562f9726-3871-4f53-8c1e-26d1e0452d0e","Code_152","http://www.cdisc.org","C49487","2023-12-15"
"Yes","Code","5b794334-0a3a-44c2-8fee-ce063ae20ea4","Code_153","http://www.cdisc.org","C49488","2023-12-15"
"Seriousness of Adverse Event","Code","6a620f0f-d7cd-41b0-865c-a7cdb7f20571","Code_154","http://www.cdisc.org","C53252","2023-12-15"
"Adverse Event Action Taken with Study Treatment","Code","2188ba7d-55e4-4684-9b81-548457a54024","Code_155","http://www.cdisc.org","C83013","2023-12-15"
"Other Actions taken in Response to Adverse Event","Code","11e9b769-92e1-45dd-a302-1b2c5d8a7621","Code_156","http://www.cdisc.org","C83109","2023-12-15"
"Adverse Event Attribution to Product or Procedure","Code","2283dc8d-1489-436a-bde3-09d16e940b3a","Code_157","http://www.cdisc.org","C41358","2023-12-15"
"Adverse Event Relationship to Non Study Treatment","Code","9f1a6330-2303-4840-92cc-4e72d8847a9a","Code_158","http://www.cdisc.org","C83210","2023-12-15"
"Adverse Event Pattern","Code","2593a495-5516-4912-8e19-89c046a8568c","Code_159","http://www.cdisc.org","C83208","2023-12-15"
"Adverse Event Outcome","Code","b7725a53-5753-4cb9-9c5d-dda737afc564","Code_160","http://www.cdisc.org","C49489","2023-12-15"
"No","Code","02770683-ae2a-4047-8c11-d74dd307deb0","Code_161","http://www.cdisc.org","C49487","2023-12-15"
"Yes","Code","9ef1fc20-48c6-414d-9d60-de90fa49c920","Code_162","http://www.cdisc.org","C49488","2023-12-15"
"Adverse Event Involves Cancer","Code","4dc68a56-b869-4085-a1e5-58f05e2ba93f","Code_163","http://www.cdisc.org","C83211","2023-12-15"
"No","Code","116710b5-a6fc-4521-9410-9fc686153f8d","Code_164","http://www.cdisc.org","C49487","2023-12-15"
"Yes","Code","6bd31c53-1ca7-4e4d-a6fd-d27640710eae","Code_165","http://www.cdisc.org","C49488","2023-12-15"
"Adverse Event Seriousness Due to Congenital Anomaly","Code","3b8f3d21-256c-44ae-8f41-df17188f7ece","Code_166","http://www.cdisc.org","C83117","2023-12-15"
"No","Code","e491306c-9ac5-43fb-b9f5-44b915aa9bf3","Code_167","http://www.cdisc.org","C49487","2023-12-15"
"Yes","Code","45befcf1-887c-488e-8d89-39b884e070e2","Code_168","http://www.cdisc.org","C49488","2023-12-15"
"Disabling Adverse Event","Code","b0583da5-659c-49d8-a8db-03d541fb3a0e","Code_169","http://www.cdisc.org","C113380","2023-12-15"
"No","Code","ec2d472b-d19b-4017-9081-4aeaf2401410","Code_170","http://www.cdisc.org","C49487","2023-12-15"
"Yes","Code","d832a6d1-0185-4ff9-a752-5c6a59ec4571","Code_171","http://www.cdisc.org","C49488","2023-12-15"
"Death Related to Adverse Event","Code","1e3691b3-4f85-4e1a-8497-63ab786df16c","Code_172","http://www.cdisc.org","C48275","2023-12-15"
"No","Code","f1f1fcb4-9455-4f78-852f-269e7b8bc903","Code_173","http://www.cdisc.org","C49487","2023-12-15"
"Yes","Code","a3e921f2-a885-4eeb-9644-e4a2fd8d587f","Code_174","http://www.cdisc.org","C49488","2023-12-15"
"Adverse Event associated with Hospitalization","Code","834fc78a-eb47-484e-b1f9-8a60056ab6ef","Code_175","http://www.cdisc.org","C83052","2023-12-15"
"No","Code","21e6db0f-90bb-4864-8362-eb7b1cc21ac1","Code_176","http://www.cdisc.org","C49487","2023-12-15"
"Yes","Code","f46c4cda-ef42-4bee-a598-13253242e8e2","Code_177","http://www.cdisc.org","C49488","2023-12-15"
"Life Threatening Adverse Event","Code","d61e36cc-1fb5-4abc-b92f-55c4239fcdc2","Code_178","http://www.cdisc.org","C84266","2023-12-15"
"No","Code","c133102a-9d7d-4703-b8ed-93d8036e6564","Code_179","http://www.cdisc.org","C49487","2023-12-15"
"Yes","Code","4c2b6890-ed9d-4d0d-be3d-81e3983a4ac2","Code_180","http://www.cdisc.org","C49488","2023-12-15"
"Adverse Event Occurred with Overdose","Code","de1a7509-82bd-4af1-bea6-4d990ec00dd3","Code_181","http://www.cdisc.org","C83214","2023-12-15"
"No","Code","6f5d16ea-6366-45cc-a48f-cef7b725f206","Code_182","http://www.cdisc.org","C49487","2023-12-15"
"Yes","Code","75910a04-2538-4eb1-b5e4-be84c50c0973","Code_183","http://www.cdisc.org","C49488","2023-12-15"
"Adverse Event Associated with Serious Medical Event","Code","c3f42062-fbd9-4ba7-acb7-fa4569cb99ce","Code_184","http://www.cdisc.org","C83053","2023-12-15"
"No","Code","2eeb4490-1e68-40dc-a11f-937a771fe988","Code_185","http://www.cdisc.org","C49487","2023-12-15"
"Yes","Code","60247e0e-143c-44d1-bcc2-930eedf55c1f","Code_186","http://www.cdisc.org","C49488","2023-12-15"
"Adverse Event Concomitant Treatment","Code","64ac8e5b-579e-45ed-b93a-b8f698720eb0","Code_187","http://www.cdisc.org","C83199","2023-12-15"
"Adverse Event Start Date Time","Code","3d1d3549-14fc-4655-ba30-0cc18fe2637c","Code_188","http://www.cdisc.org","C83215","2023-12-15"
"Adverse Event End Date Time","Code","faa1e35d-86dd-4e51-b0f4-bf8b1384fb0e","Code_189","http://www.cdisc.org","C83201","2023-12-15"
"Solicited Adverse Event","Code","d8f3cc32-97d7-4ec0-b219-53c18dfa38ad","Code_190","http://www.cdisc.org","C179175","2023-12-15"
"SYSBP","Code","e28ac7f5-120a-45d6-92f2-d300942c8eda","Code_191","http://www.cdisc.org","C25298","2023-12-15"
"Clinical Test Result","Code","5153533a-e39a-4edc-b256-344fdf3aebe1","Code_192","http://www.cdisc.org","C77140","2023-12-15"
"Unit of Pressure","Code","ec2b465d-2922-4a67-8fb2-70171fdf790e","Code_193","http://www.cdisc.org","C49669","2023-12-15"
"Sitting","Code","85498600-7369-4268-a389-006762d6ebac","Code_194","http://www.cdisc.org","C62122","2023-12-15"
"Standing","Code","9731c34d-ef9f-4368-8c01-e5ad8314bde1","Code_195","http://www.cdisc.org","C62166","2023-12-15"
"Supine Position","Code","b48142f6-6743-4926-b9f3-8bd3f329e1ab","Code_196","http://www.cdisc.org","C62167","2023-12-15"
"Body Position","Code","ba91df7f-439f-44c5-b4d4-938a92f113e9","Code_197","http://www.cdisc.org","C62164","2023-12-15"
"Brachial Artery","Code","faeb9121-6f2e-4c00-a522-867a2235e224","Code_198","http://www.cdisc.org","C12681","2023-12-15"
"Common Carotid Artery","Code","f9777f14-66e1-4b44-bc6a-85b24a950cda","Code_199","http://www.cdisc.org","C12687","2023-12-15"
"Dorsalis Pedis Artery","Code","b12c2a9f-19e3-4b87-8f1d-a3ba446b3a58","Code_200","http://www.cdisc.org","C32478","2023-12-15"
"Femoral Artery","Code","ea08129e-7f58-4809-8394-899480bd6d34","Code_201","http://www.cdisc.org","C12715","2023-12-15"
"Radial Artery","Code","7446cc03-3eb9-4ee5-aca4-a7bac72cf37d","Code_202","http://www.cdisc.org","C12838","2023-12-15"
"Anatomic Site","Code","723b70fe-6bf5-4adb-9c68-06cb8a3c773f","Code_203","http://www.cdisc.org","C13717","2023-12-15"
"Left","Code","70e8baae-7e4b-445a-a005-a51ad36fad66","Code_204","http://www.cdisc.org","C25229","2023-12-15"
"Right","Code","ba90e823-1eaf-49de-84bf-1be56f0de7ff","Code_205","http://www.cdisc.org","C25228","2023-12-15"
"Laterality","Code","fc413471-30ce-4ba0-8398-7361e3b2a7d5","Code_206","http://www.cdisc.org","C25185","2023-12-15"
"SYSBP","Code","40a48ec9-bd69-4057-9881-1a38809b9d96","Code_207","http://www.cdisc.org","C25298","2023-12-15"
"DIABP","Code","e98540e0-502a-4a06-81ac-09a5ca71d01b","Code_208","http://www.cdisc.org","C25299","2023-12-15"
"Clinical Test Result","Code","2cecdd95-18f1-4f1f-a352-dcd38aa5e788","Code_209","http://www.cdisc.org","C77140","2023-12-15"
"Unit of Pressure","Code","13d17045-f0b2-496b-bc94-e29210f76425","Code_210","http://www.cdisc.org","C49669","2023-12-15"
"Sitting","Code","a62161b9-936c-4ddb-97e7-daf723de11b4","Code_211","http://www.cdisc.org","C62122","2023-12-15"
"Standing","Code","386798a5-8c75-4182-a444-da83d1748408","Code_212","http://www.cdisc.org","C62166","2023-12-15"
"Supine Position","Code","d37fcfb4-bbcb-47f4-b0bb-5f05b6024aca","Code_213","http://www.cdisc.org","C62167","2023-12-15"
"Body Position","Code","c466b64b-2416-46c8-ab5a-ec7f4d0479be","Code_214","http://www.cdisc.org","C62164","2023-12-15"
"Brachial Artery","Code","8f0a3631-90d1-411e-92c6-a7e69dd03891","Code_215","http://www.cdisc.org","C12681","2023-12-15"
"Common Carotid Artery","Code","0c15e6d6-26c8-4ad9-bfb9-469f390c2585","Code_216","http://www.cdisc.org","C12687","2023-12-15"
"Dorsalis Pedis Artery","Code","c73cd936-ae2a-47cc-84ec-011a2adad4f2","Code_217","http://www.cdisc.org","C32478","2023-12-15"
"Femoral Artery","Code","28cf9ac4-b2e4-45e0-ab58-1a4ea687aa2f","Code_218","http://www.cdisc.org","C12715","2023-12-15"
"Radial Artery","Code","20738d4e-c9a8-4584-9d1c-3fcedcd7b9e6","Code_219","http://www.cdisc.org","C12838","2023-12-15"
"Anatomic Site","Code","072fb2e4-7476-4f3b-80ec-15391d4efddf","Code_220","http://www.cdisc.org","C13717","2023-12-15"
"Left","Code","ae786e77-4f81-48ae-8fc2-312a8d45f95a","Code_221","http://www.cdisc.org","C25229","2023-12-15"
"Right","Code","3f5acce6-0c00-4096-b29a-a77889daeac6","Code_222","http://www.cdisc.org","C25228","2023-12-15"
"Laterality","Code","89361e33-c832-413d-bddf-f92c0b823366","Code_223","http://www.cdisc.org","C25185","2023-12-15"
"DIABP","Code","b90d6f08-4be6-45be-b086-ea12c1e2d930","Code_224","http://www.cdisc.org","C25299","2023-12-15"
"TEMP","Code","c81acbc7-1994-42f5-9f42-27d0a855c375","Code_225","http://www.cdisc.org","C174446","2023-12-15"
"Clinical Test Result","Code","90bed787-8c02-4e87-9c60-28dff7714fb3","Code_226","http://www.cdisc.org","C77140","2023-12-15"
"Degree Celsius","Code","2d792978-ca1b-4f00-b069-d1d9f9b41d3d","Code_227","http://www.cdisc.org","C42559","2023-12-15"
"Degree Fahrenheit","Code","90368cec-71b2-4153-9993-efd6339b0992","Code_228","http://www.cdisc.org","C44277","2023-12-15"
"Kelvin","Code","f6e7a87c-fbbc-4bb3-8a30-cd9eaffbe2b3","Code_229","http://www.cdisc.org","C42537","2023-12-15"
"Unit of Temperature","Code","635f86ef-e65a-493f-a4be-95322441a205","Code_230","http://www.cdisc.org","C44276","2023-12-15"
"Axilla","Code","4b1625ab-91ec-4df4-86bc-61b043048af1","Code_231","http://www.cdisc.org","C12674","2023-12-15"
"Ear","Code","c63576f2-0bb3-46ca-a0a9-72eee68d57c4","Code_232","http://www.cdisc.org","C12394","2023-12-15"
"Forehead","Code","7296f752-eb8e-499e-a8d4-ca757fe100b0","Code_233","http://www.cdisc.org","C89803","2023-12-15"
"Oral Cavity","Code","9f8daf30-f6d7-4bd6-a10d-21234e69583e","Code_234","http://www.cdisc.org","C12421","2023-12-15"
"Rectum","Code","7b65e08b-c02c-467f-a625-a923c4153f89","Code_235","http://www.cdisc.org","C12390","2023-12-15"
"Anatomic Site","Code","96218694-87f8-46d1-828d-cc5db39bd932","Code_236","http://www.cdisc.org","C13717","2023-12-15"
"TEMP","Code","d5744ed6-dffd-428b-9c5b-db708056cfad","Code_237","http://www.cdisc.org","C174446","2023-12-15"
"WEIGHT","Code","fc5b5321-cf8b-4957-a501-9fb1b796a70c","Code_238","http://www.cdisc.org","C25208","2023-12-15"
"Clinical Test Result","Code","6822064b-b316-4b9a-8cc9-fce0676e005d","Code_239","http://www.cdisc.org","C77140","2023-12-15"
"Pound","Code","e750cb61-f4c3-47ea-bc79-cff828555cb5","Code_240","http://www.cdisc.org","C48531","2023-12-15"
"Gram","Code","6a52d7e7-b3a0-4158-9215-90155c5225e4","Code_241","http://www.cdisc.org","C48155","2023-12-15"
"Kilogram","Code","06a2212a-7460-4cbe-8eb6-01ad8b0829d4","Code_242","http://www.cdisc.org","C28252","2023-12-15"
"Unit of Weight","Code","94d0c2bb-512e-4ad3-85c8-f77dc7f4a8f9","Code_243","http://www.cdisc.org","C48208","2023-12-15"
"WEIGHT","Code","def74529-868c-4c5f-a2c4-d50b33750030","Code_244","http://www.cdisc.org","C25208","2023-12-15"
"HEIGHT","Code","2b207da3-8b7c-437c-9deb-93b05b3892ea","Code_245","http://www.cdisc.org","C25347","2023-12-15"
"Clinical Test Result","Code","b7146134-02a5-4cc5-a2a9-01db321d18d7","Code_246","http://www.cdisc.org","C77140","2023-12-15"
"Centimeter","Code","517f015d-af65-4e76-8ab6-6d6691f8d0c1","Code_247","http://www.cdisc.org","C49668","2023-12-15"
"Inch","Code","28f585f5-9319-4e59-bc65-d8ea57fb9d22","Code_248","http://www.cdisc.org","C48500","2023-12-15"
"Meter","Code","5a31cc4f-3602-4d1f-bb46-a0f719296a6f","Code_249","http://www.cdisc.org","C41139","2023-12-15"
"Unit of Height","Code","c528cac4-6aa6-4684-8a88-b70bf930b884","Code_250","http://www.cdisc.org","C168688","2023-12-15"
"HEIGHT","Code","3309e3b2-aa24-4af6-863a-a77519a03704","Code_251","http://www.cdisc.org","C25347","2023-12-15"
"ALT","Code","9b6b5e3a-2f57-4aef-8ec3-48834219f515","Code_252","http://www.cdisc.org","C64433","2023-12-15"
"Laboratory Test Result","Code","900ef8a6-4d5a-4fc6-af7a-f9009359ae7d","Code_253","http://www.cdisc.org","C36292","2023-12-15"
"Unit per Liter","Code","3b9433b1-d3bd-4a7a-9f58-5309d2cae034","Code_254","http://www.cdisc.org","C67456","2023-12-15"
"Microkatal per Liter","Code","bb1496e1-70f3-44b5-a5d3-555025510be0","Code_255","http://www.cdisc.org","C67397","2023-12-15"
"International Unit per Liter","Code","90a366f5-7265-40d0-8ffe-afdbb2ca8d40","Code_256","http://www.cdisc.org","C67376","2023-12-15"
"Nanokatal per Liter","Code","e57a382e-7acc-4176-bf23-8f7b769f510a","Code_257","http://www.cdisc.org","C70510","2023-12-15"
"Unit of Catalytic Activity Concentration","Code","e7459d17-2e26-4b94-923b-cdd26db1b655","Code_258","http://www.cdisc.org","C67365","2023-12-15"
"Biospecimen Type","Code","d3aa7a36-db6c-43ec-9fc0-f6e0855bbf65","Code_259","http://www.cdisc.org","C70713","2023-12-15"
"No","Code","aa3e896c-e593-4979-88a8-66564ecad60f","Code_260","http://www.cdisc.org","C49487","2023-12-15"
"Yes","Code","9c787866-5b99-47c9-b789-4edd074a0f51","Code_261","http://www.cdisc.org","C49488","2023-12-15"
"Laboratory Test Fasting Status","Code","4e0cd986-ff77-47cf-b092-b61e17d1fab5","Code_262","http://www.cdisc.org","C83309","2023-12-15"
"ALT","Code","8712fefb-5667-40cd-aad9-e29769113789","Code_263","http://www.cdisc.org","C64433","2023-12-15"
"ALB","Code","eb9ae48d-5779-4202-8ca2-406abe017d77","Code_264","http://www.cdisc.org","C64431","2023-12-15"
"Laboratory Test Result","Code","7f7f1770-1d38-432c-a84d-c61a2488217a","Code_265","http://www.cdisc.org","C36292","2023-12-15"
"Biospecimen Type","Code","18fbad13-5806-4326-ace2-d16972afc9a4","Code_266","http://www.cdisc.org","C70713","2023-12-15"
"No","Code","eaaeac8c-c5a5-4664-895c-dc45032d58f1","Code_267","http://www.cdisc.org","C49487","2023-12-15"
"Yes","Code","03bf19f0-8211-4f96-8b87-47be58c3f3ae","Code_268","http://www.cdisc.org","C49488","2023-12-15"
"Laboratory Test Fasting Status","Code","5942ab0a-802f-4a6b-b616-f1c0d3ee1659","Code_269","http://www.cdisc.org","C83309","2023-12-15"
"ALB","Code","3c5d027f-d6fd-4d9b-ad02-e793c43b2dd6","Code_270","http://www.cdisc.org","C64431","2023-12-15"
"ALP","Code","b9c23a82-99cb-4044-98b3-c8980d2b0a1d","Code_271","http://www.cdisc.org","C64432","2023-12-15"
"Laboratory Test Result","Code","4bcd8558-5ccb-4475-b974-e0f2d5fb262a","Code_272","http://www.cdisc.org","C36292","2023-12-15"
"Unit per Liter","Code","c367177a-35d1-43f3-8fce-a845e783cff5","Code_273","http://www.cdisc.org","C67456","2023-12-15"
"Microkatal per Liter","Code","af86ddd2-6836-4e75-ad06-9e418900e9f5","Code_274","http://www.cdisc.org","C67397","2023-12-15"
"International Unit per Liter","Code","f4f45ea7-bad3-4312-85b3-e95b93dfda36","Code_275","http://www.cdisc.org","C67376","2023-12-15"
"Unit of Catalytic Activity Concentration","Code","7c2b476b-7403-4c6a-845d-aeac0500907d","Code_276","http://www.cdisc.org","C67365","2023-12-15"
"Biospecimen Type","Code","ba164a96-8687-4984-8baa-495cdbdbb2f7","Code_277","http://www.cdisc.org","C70713","2023-12-15"
"No","Code","47b7d9dd-06c1-4581-a5b8-9e2b3ba75cb1","Code_278","http://www.cdisc.org","C49487","2023-12-15"
"Yes","Code","1a51459a-9cc2-400a-924c-6835c7289836","Code_279","http://www.cdisc.org","C49488","2023-12-15"
"Laboratory Test Fasting Status","Code","fb412a39-0762-4677-a5ed-82fadb9a39db","Code_280","http://www.cdisc.org","C83309","2023-12-15"
"ALP","Code","9a622caf-80cd-431e-aba7-bb3b0ed9fa8c","Code_281","http://www.cdisc.org","C64432","2023-12-15"
"AST","Code","40fb66bb-5d3c-45ed-bc88-74bbdf6c2a0d","Code_282","http://www.cdisc.org","C64467","2023-12-15"
"Laboratory Test Result","Code","d1b16284-8751-4db3-906a-19bfcf99ae2f","Code_283","http://www.cdisc.org","C36292","2023-12-15"
"Unit per Liter","Code","c4549c1a-3f63-4431-9926-a27848ee86e5","Code_284","http://www.cdisc.org","C67456","2023-12-15"
"Microkatal per Liter","Code","7c8cd456-597f-41bd-84ab-94e3c0461fb4","Code_285","http://www.cdisc.org","C67397","2023-12-15"
"International Unit per Liter","Code","d035b6a7-3dee-4ce8-9aa5-787690a13fef","Code_286","http://www.cdisc.org","C67376","2023-12-15"
"Unit of Catalytic Activity Concentration","Code","7d3fc15a-7480-4313-86b9-413a04c3df66","Code_287","http://www.cdisc.org","C67365","2023-12-15"
"Biospecimen Type","Code","8edfa204-51df-4a2f-bf2c-662a233d229c","Code_288","http://www.cdisc.org","C70713","2023-12-15"
"No","Code","2c87d48d-240c-4043-a895-adbdda36dfa5","Code_289","http://www.cdisc.org","C49487","2023-12-15"
"Yes","Code","ba9fd6e6-96bd-42cc-84af-4dd0a04a428e","Code_290","http://www.cdisc.org","C49488","2023-12-15"
"Laboratory Test Fasting Status","Code","0813d053-44f2-4fe0-a511-5efb2fc3f6ca","Code_291","http://www.cdisc.org","C83309","2023-12-15"
"AST","Code","13bd4079-0cac-45d2-9d41-76c6d8bc1152","Code_292","http://www.cdisc.org","C64467","2023-12-15"
"CREAT","Code","18b6bb0a-1778-436d-9bc9-c962f5d017d7","Code_293","http://www.cdisc.org","C64547","2023-12-15"
"Laboratory Test Result","Code","ffd4dd89-9b9e-4ff1-a60e-b3b9e0a0539a","Code_294","http://www.cdisc.org","C36292","2023-12-15"
"Milligram per Deciliter","Code","1ddc0226-93b8-432b-af40-a06a715085a0","Code_295","http://www.cdisc.org","C67015","2023-12-15"
"Microgram per Milliliter","Code","0b39c063-3519-4c8f-9502-d9ad88a6999f","Code_296","http://www.cdisc.org","C64572","2023-12-15"
"Millimole per Liter","Code","22548c59-69ed-421b-8c52-55bb6e4a6ed3","Code_297","http://www.cdisc.org","C64387","2023-12-15"
"Micromole per Liter","Code","474380ac-8c84-41e1-a5fe-1d9f716cd96f","Code_298","http://www.cdisc.org","C48508","2023-12-15"
"Unit of Concentration","Code","c1a7a9f2-f991-4e9d-a103-91500d1ba3fd","Code_299","http://www.cdisc.org","C48207","2023-12-15"
"Biospecimen Type","Code","082d7433-a884-4577-ac3c-9d14e52e16d5","Code_300","http://www.cdisc.org","C70713","2023-12-15"
"No","Code","ab3b43c8-df29-4748-9821-0aabc54933ca","Code_301","http://www.cdisc.org","C49487","2023-12-15"
"Yes","Code","ddd3a137-fdb2-4463-b228-619f2fd2f41d","Code_302","http://www.cdisc.org","C49488","2023-12-15"
"Laboratory Test Fasting Status","Code","1125d4a3-9d47-4def-aa72-5982413c320f","Code_303","http://www.cdisc.org","C83309","2023-12-15"
"CREAT","Code","ca1178eb-b838-45fd-bb09-de91e0666223","Code_304","http://www.cdisc.org","C64547","2023-12-15"
"K","Code","ee5aeded-0bd6-43fd-b5f6-64c585eccb39","Code_305","http://www.cdisc.org","C64853","2023-12-15"
"Laboratory Test Result","Code","b24e0f42-8ada-463b-9b73-00698c765229","Code_306","http://www.cdisc.org","C36292","2023-12-15"
"Milliequivalent per Liter","Code","f154423e-8c12-4987-8d96-409398241ec2","Code_307","http://www.cdisc.org","C67474","2023-12-15"
"Milliequivalent per Deciliter","Code","26cadab7-820b-419d-9e71-319e593b5bb4","Code_308","http://www.cdisc.org","C67473","2023-12-15"
"Millimole per Liter","Code","1452550f-f15f-426a-8cf8-e8e50bc8efca","Code_309","http://www.cdisc.org","C64387","2023-12-15"
"Molarity Unit","Code","5fa677f6-6f33-4d3f-bf3c-e34d9fa2c6ca","Code_310","http://www.cdisc.org","C64567","2023-12-15"
"Biospecimen Type","Code","5b5fd6a0-f392-48a7-920d-57227ebec6a3","Code_311","http://www.cdisc.org","C70713","2023-12-15"
"No","Code","8b548f9a-1f73-4f7d-b71c-d2a6f07e37e9","Code_312","http://www.cdisc.org","C49487","2023-12-15"
"Yes","Code","41e5579a-7515-4b23-8e47-5bb00f54c94a","Code_313","http://www.cdisc.org","C49488","2023-12-15"
"Laboratory Test Fasting Status","Code","cc45712b-493b-433e-8f7f-bc1aa7dc6a74","Code_314","http://www.cdisc.org","C83309","2023-12-15"
"K","Code","cef6f772-482a-461f-af1f-7a6f598b1985","Code_315","http://www.cdisc.org","C64853","2023-12-15"
"SODIUM","Code","7d12719b-2fee-4e98-9129-748bf6acc3f5","Code_316","http://www.cdisc.org","C64809","2023-12-15"
"Laboratory Test Result","Code","51f8a47e-9b33-41a0-a430-f788f79cc6a9","Code_317","http://www.cdisc.org","C36292","2023-12-15"
"Milliequivalent per Liter","Code","76b80e10-027b-49fa-8e6c-b8a48779c26d","Code_318","http://www.cdisc.org","C67474","2023-12-15"
"Milliequivalent per Deciliter","Code","358867bc-6878-4d45-bc80-408eddb2c39c","Code_319","http://www.cdisc.org","C67473","2023-12-15"
"Millimole per Liter","Code","f9b3e907-bd00-4040-9ec2-0d06c64f9b36","Code_320","http://www.cdisc.org","C64387","2023-12-15"
"Molarity Unit","Code","419db71f-2519-4e94-89ce-8fb2fdcb73c1","Code_321","http://www.cdisc.org","C64567","2023-12-15"
"Biospecimen Type","Code","7e7b0f84-6b9d-416f-b165-7c1bebd636b4","Code_322","http://www.cdisc.org","C70713","2023-12-15"
"No","Code","7de1ce10-2356-4178-aa9f-8b50e4f4c190","Code_323","http://www.cdisc.org","C49487","2023-12-15"
"Yes","Code","df30605c-9728-4512-9f3b-3bc36d3566d8","Code_324","http://www.cdisc.org","C49488","2023-12-15"
"Laboratory Test Fasting Status","Code","c63463a6-dc42-4299-a51f-c2d4b3d4d5c4","Code_325","http://www.cdisc.org","C83309","2023-12-15"
"SODIUM","Code","409be7f7-59fe-4d71-80ab-e0ef8873f96d","Code_326","http://www.cdisc.org","C64809","2023-12-15"
"SYSBP","Code","a4715fdb-5d3e-4843-9308-00e05d67d78d","Code_327","http://www.cdisc.org","C25298","2023-12-15"
"Clinical Test Result","Code","80b7a661-1088-463e-a3b3-be2bf4771c56","Code_328","http://www.cdisc.org","C77140","2023-12-15"
"Unit of Pressure","Code","9c0fedaa-801a-4b4d-ab13-54cdaf69d714","Code_329","http://www.cdisc.org","C49669","2023-12-15"
"Sitting","Code","b0966350-830d-4fb0-9dbd-113a2d7de178","Code_330","http://www.cdisc.org","C62122","2023-12-15"
"Standing","Code","5b612c67-8871-4278-8ff9-fb5aab591e1f","Code_331","http://www.cdisc.org","C62166","2023-12-15"
"Supine Position","Code","e775218c-1f93-4957-8553-c2df6038cc5c","Code_332","http://www.cdisc.org","C62167","2023-12-15"
"Body Position","Code","bafbdc09-8591-42b2-8c5b-66f4e7e37a8c","Code_333","http://www.cdisc.org","C62164","2023-12-15"
"Brachial Artery","Code","47f9d995-02dc-43a9-8041-d413af2f5e93","Code_334","http://www.cdisc.org","C12681","2023-12-15"
"Common Carotid Artery","Code","c176c88b-df10-4f8f-88eb-28ff96096e6c","Code_335","http://www.cdisc.org","C12687","2023-12-15"
"Dorsalis Pedis Artery","Code","4d8e0977-bb5e-4357-b044-906d93385761","Code_336","http://www.cdisc.org","C32478","2023-12-15"
"Femoral Artery","Code","26a36ad4-271b-444c-abd2-bc4f5444fd61","Code_337","http://www.cdisc.org","C12715","2023-12-15"
"Radial Artery","Code","7578dfae-d64f-47ad-a7ed-935cc8cd5679","Code_338","http://www.cdisc.org","C12838","2023-12-15"
"Anatomic Site","Code","f572e15a-c5e0-47c9-8e6a-b0989679bf59","Code_339","http://www.cdisc.org","C13717","2023-12-15"
"Left","Code","793201ec-b137-4d69-83e8-ab039ba9d7b3","Code_340","http://www.cdisc.org","C25229","2023-12-15"
"Right","Code","e3f5fa73-12f8-4211-8554-c42633d61220","Code_341","http://www.cdisc.org","C25228","2023-12-15"
"Laterality","Code","fd91ac62-2d79-4d83-9a98-81a8897bb4fb","Code_342","http://www.cdisc.org","C25185","2023-12-15"
"SYSBP","Code","cddc484a-c51d-4ea4-ae08-589ab043d159","Code_343","http://www.cdisc.org","C25298","2023-12-15"
"DIABP","Code","188563ca-a494-4b22-b835-88a622009dd1","Code_344","http://www.cdisc.org","C25299","2023-12-15"
"Clinical Test Result","Code","648470d4-e49e-48f5-ba99-10c6482d48cd","Code_345","http://www.cdisc.org","C77140","2023-12-15"
"Unit of Pressure","Code","05b0463e-0c51-46bc-bed4-39aa3d1bd38a","Code_346","http://www.cdisc.org","C49669","2023-12-15"
"Sitting","Code","4d794416-cb53-4245-a713-50ee0c96cd45","Code_347","http://www.cdisc.org","C62122","2023-12-15"
"Standing","Code","b08bcd9e-4c1d-4c33-a11e-4071d1a7a47d","Code_348","http://www.cdisc.org","C62166","2023-12-15"
"Supine Position","Code","ff6db160-f508-428f-98d8-b6571a21435b","Code_349","http://www.cdisc.org","C62167","2023-12-15"
"Body Position","Code","cd35943f-27a7-4da2-881c-890948b903df","Code_350","http://www.cdisc.org","C62164","2023-12-15"
"Brachial Artery","Code","57ef35eb-a266-41e2-b769-183300187541","Code_351","http://www.cdisc.org","C12681","2023-12-15"
"Common Carotid Artery","Code","d67b3c6d-7ff4-48c1-9c18-baf46e1b1ee5","Code_352","http://www.cdisc.org","C12687","2023-12-15"
"Dorsalis Pedis Artery","Code","0cdda4bb-99e9-4d76-874b-8ed2fb31a0ae","Code_353","http://www.cdisc.org","C32478","2023-12-15"
"Femoral Artery","Code","b28ff61f-dd40-44b8-8aea-8c5cb7d09336","Code_354","http://www.cdisc.org","C12715","2023-12-15"
"Radial Artery","Code","09f82803-f70c-48eb-a390-afffd689e01a","Code_355","http://www.cdisc.org","C12838","2023-12-15"
"Anatomic Site","Code","fb133904-4793-432e-b4ff-68efff38acf4","Code_356","http://www.cdisc.org","C13717","2023-12-15"
"Left","Code","314dfeb1-4572-446a-93bb-1fba6b37c9be","Code_357","http://www.cdisc.org","C25229","2023-12-15"
"Right","Code","0e3d5078-a03f-4d44-8ddb-cc3def9526aa","Code_358","http://www.cdisc.org","C25228","2023-12-15"
"Laterality","Code","429436e6-139a-480c-bf7c-cf8aba87f2a5","Code_359","http://www.cdisc.org","C25185","2023-12-15"
"DIABP","Code","0f9a127d-8254-4059-ace1-02d8ce17351d","Code_360","http://www.cdisc.org","C25299","2023-12-15"
"HR","Code","6dc6cad1-8efd-43d4-9552-c0571304d1b6","Code_361","http://www.cdisc.org","C49677","2023-12-15"
"Clinical Test Result","Code","b312dfdb-a6ad-4874-af3e-f4e223e71008","Code_362","http://www.cdisc.org","C77140","2023-12-15"
"Count per Minute","Code","75fce635-47d7-44e6-b11b-1ed90488777a","Code_363","http://www.cdisc.org","C73688","2023-12-15"
"Sitting","Code","dc8ad5b1-c0b0-48f1-9b19-04d99295674c","Code_364","http://www.cdisc.org","C62122","2023-12-15"
"Standing","Code","cd0cdab9-50f6-41ae-971a-238e0af3f019","Code_365","http://www.cdisc.org","C62166","2023-12-15"
"Supine Position","Code","7c9a316a-a858-41bc-8350-6cd0000e952a","Code_366","http://www.cdisc.org","C62167","2023-12-15"
"Body Position","Code","80f3dfa6-949a-4e0a-921c-9df2f9a3c0e1","Code_367","http://www.cdisc.org","C62164","2023-12-15"
"Brachial Artery","Code","2c16f34c-b4b7-454e-a63c-fd4043693ee2","Code_368","http://www.cdisc.org","C12681","2023-12-15"
"Common Carotid Artery","Code","1d975197-b83a-4b2b-867b-d17a7f86b6b1","Code_369","http://www.cdisc.org","C12687","2023-12-15"
"Dorsalis Pedis Artery","Code","8ea13b28-83b1-4bc2-be67-8fff55d2e0bb","Code_370","http://www.cdisc.org","C32478","2023-12-15"
"Femoral Artery","Code","425a4199-84d6-4257-88dd-66a538746a89","Code_371","http://www.cdisc.org","C12715","2023-12-15"
"Radial Artery","Code","5d23e409-7528-4c5b-8688-2ecbe08a6cc0","Code_372","http://www.cdisc.org","C12838","2023-12-15"
"Anatomic Site","Code","782b2b6f-4b79-4c63-aa0c-a3674f80460d","Code_373","http://www.cdisc.org","C13717","2023-12-15"
"Left","Code","4b7efbde-044b-446e-b67f-e038f88716c6","Code_374","http://www.cdisc.org","C25229","2023-12-15"
"Right","Code","f7f11134-c998-455d-bac2-f748c36ac47a","Code_375","http://www.cdisc.org","C25228","2023-12-15"
"Laterality","Code","a8a25745-1644-4988-bfc2-f05e880466b3","Code_376","http://www.cdisc.org","C25185","2023-12-15"
"HR","Code","c59d76ec-69cd-4200-bccf-99b975c21bc0","Code_377","http://www.cdisc.org","C49677","2023-12-15"
"SYSBP","Code","6fff6afd-7ff0-4d15-a7b2-59d8f73ed694","Code_378","http://www.cdisc.org","C25298","2023-12-15"
"Clinical Test Result","Code","f1061b6e-9dde-422c-89c3-c33c59a87362","Code_379","http://www.cdisc.org","C77140","2023-12-15"
"Unit of Pressure","Code","a0b46a7c-018d-4651-957b-d21fc39b9898","Code_380","http://www.cdisc.org","C49669","2023-12-15"
"Sitting","Code","e2155b8e-28f7-4233-bd37-b041dd397c49","Code_381","http://www.cdisc.org","C62122","2023-12-15"
"Standing","Code","fdff7da4-ef2c-4c46-8be6-f700674ceae9","Code_382","http://www.cdisc.org","C62166","2023-12-15"
"Supine Position","Code","4fca67fb-6439-49cc-ad94-9dafcdd8fb13","Code_383","http://www.cdisc.org","C62167","2023-12-15"
"Body Position","Code","97cd73af-b654-48fe-87ae-bd1010400854","Code_384","http://www.cdisc.org","C62164","2023-12-15"
"Brachial Artery","Code","165dce20-e487-4373-b0b5-413d2dc7a970","Code_385","http://www.cdisc.org","C12681","2023-12-15"
"Common Carotid Artery","Code","9e9b46e2-c34f-4e1e-b6c0-a1ca9fbfb0cc","Code_386","http://www.cdisc.org","C12687","2023-12-15"
"Dorsalis Pedis Artery","Code","4fb2f15d-5d94-418c-a810-d21f4862f2c4","Code_387","http://www.cdisc.org","C32478","2023-12-15"
"Femoral Artery","Code","6c51d90c-8a69-4b5a-b972-4b7db9f0925a","Code_388","http://www.cdisc.org","C12715","2023-12-15"
"Radial Artery","Code","c5fd817a-6824-4585-a1fe-b7a5a9f94639","Code_389","http://www.cdisc.org","C12838","2023-12-15"
"Anatomic Site","Code","4c7a689e-6a1c-4f6a-8a65-89b036a9ee31","Code_390","http://www.cdisc.org","C13717","2023-12-15"
"Left","Code","4199534f-b196-4741-81bf-413426a5ddce","Code_391","http://www.cdisc.org","C25229","2023-12-15"
"Right","Code","2ff92e09-1432-48c5-98c4-6347dd362193","Code_392","http://www.cdisc.org","C25228","2023-12-15"
"Laterality","Code","80b6d1fd-0bbc-470a-a9f2-1278602170c2","Code_393","http://www.cdisc.org","C25185","2023-12-15"
"SYSBP","Code","0a772afa-e4ea-40a1-88e9-c0912288ed70","Code_394","http://www.cdisc.org","C25298","2023-12-15"
"DIABP","Code","ab163bfa-6185-44d7-a09d-4ac4a7c0801b","Code_395","http://www.cdisc.org","C25299","2023-12-15"
"Clinical Test Result","Code","e0e05bcb-80cc-4965-8d2a-3a2b005f3835","Code_396","http://www.cdisc.org","C77140","2023-12-15"
"Unit of Pressure","Code","ec2ddd36-da4c-4c23-8164-0b4c6fa8b65c","Code_397","http://www.cdisc.org","C49669","2023-12-15"
"Sitting","Code","2199721a-03a9-435c-94f6-a328e8a82fb8","Code_398","http://www.cdisc.org","C62122","2023-12-15"
"Standing","Code","e572a2d0-b500-4a73-bd95-4748825f52e5","Code_399","http://www.cdisc.org","C62166","2023-12-15"
"Supine Position","Code","d8af4445-8d64-420b-a941-e661dc5d2f85","Code_400","http://www.cdisc.org","C62167","2023-12-15"
"Body Position","Code","3a50ae15-5caf-4e3b-84f9-5c2edd588d0c","Code_401","http://www.cdisc.org","C62164","2023-12-15"
"Brachial Artery","Code","dc0d3741-d66b-4611-81de-a69568b15a66","Code_402","http://www.cdisc.org","C12681","2023-12-15"
"Common Carotid Artery","Code","82419ca5-fea8-41f8-9c45-900ff7b00ea1","Code_403","http://www.cdisc.org","C12687","2023-12-15"
"Dorsalis Pedis Artery","Code","dab0b0bb-8276-4860-86dc-cc73d5805afa","Code_404","http://www.cdisc.org","C32478","2023-12-15"
"Femoral Artery","Code","d1f5b9e3-13f5-4fc4-ac7f-430eff644349","Code_405","http://www.cdisc.org","C12715","2023-12-15"
"Radial Artery","Code","b1a11f16-f141-4faa-b193-f5eb8cfef47c","Code_406","http://www.cdisc.org","C12838","2023-12-15"
"Anatomic Site","Code","deb4f26b-4f2b-4cea-b14f-9f005e68670e","Code_407","http://www.cdisc.org","C13717","2023-12-15"
"Left","Code","3dd14f29-55d8-4ffb-95c3-275e1280b9eb","Code_408","http://www.cdisc.org","C25229","2023-12-15"
"Right","Code","c149782f-0e31-4179-81f6-0c5b97dfe828","Code_409","http://www.cdisc.org","C25228","2023-12-15"
"Laterality","Code","c3f25a1b-9eea-476c-950d-bc767015dbb2","Code_410","http://www.cdisc.org","C25185","2023-12-15"
"DIABP","Code","49085c6c-6c23-418c-85f8-75303492dffa","Code_411","http://www.cdisc.org","C25299","2023-12-15"
"HR","Code","13180133-eef3-4817-8aea-46352df07532","Code_412","http://www.cdisc.org","C49677","2023-12-15"
"Clinical Test Result","Code","fa664276-85b3-44ed-a503-9ee6f1ca9b46","Code_413","http://www.cdisc.org","C77140","2023-12-15"
"Count per Minute","Code","dffb012b-174b-420e-960a-ab75e571dfcc","Code_414","http://www.cdisc.org","C73688","2023-12-15"
"Sitting","Code","8e917663-27ee-495d-86a6-17492b2eef8a","Code_415","http://www.cdisc.org","C62122","2023-12-15"
"Standing","Code","57b7c630-38d0-4da2-946e-878cb4082bc5","Code_416","http://www.cdisc.org","C62166","2023-12-15"
"Supine Position","Code","5a2154ce-579e-4690-ae57-04570f878305","Code_417","http://www.cdisc.org","C62167","2023-12-15"
"Body Position","Code","bf9833e0-5695-4c5d-a7d3-f61c8dacbdd2","Code_418","http://www.cdisc.org","C62164","2023-12-15"
"Brachial Artery","Code","543a4061-6577-4d00-97f4-ddc793834cb6","Code_419","http://www.cdisc.org","C12681","2023-12-15"
"Common Carotid Artery","Code","425e6e6c-68d0-4367-8e1f-d788af792a9b","Code_420","http://www.cdisc.org","C12687","2023-12-15"
"Dorsalis Pedis Artery","Code","5a1c696c-1494-48e1-a59c-8297d046a0e0","Code_421","http://www.cdisc.org","C32478","2023-12-15"
"Femoral Artery","Code","ae597ed4-94b0-4a99-9857-eb4e829b136e","Code_422","http://www.cdisc.org","C12715","2023-12-15"
"Radial Artery","Code","a63fa13f-7167-417a-a7fe-2490a425ffb8","Code_423","http://www.cdisc.org","C12838","2023-12-15"
"Anatomic Site","Code","87321ea5-b41d-4707-ba99-9f434c2519db","Code_424","http://www.cdisc.org","C13717","2023-12-15"
"Left","Code","da8cab3c-ba1c-4245-abc5-122d91d27358","Code_425","http://www.cdisc.org","C25229","2023-12-15"
"Right","Code","deae3845-e022-4a45-8488-5fb244abc9a1","Code_426","http://www.cdisc.org","C25228","2023-12-15"
"Laterality","Code","93f327fc-6387-4426-9004-c7fc4fac9c37","Code_427","http://www.cdisc.org","C25185","2023-12-15"
"HR","Code","4baeb125-3441-4ba3-b49a-c9f92e80ab37","Code_428","http://www.cdisc.org","C49677","2023-12-15"
"Placebo Comparator Arm","Code","dafd5be2-d33e-4f5c-a8ee-9edd38500aea","Code_123","http://www.cdisc.org","C174268","2023-12-15"
"Data Generated Within Study","Code","2211347d-0b90-4ed9-a872-b9e74bd714da","Code_124","http://www.cdisc.org","C188866","2023-12-15"
"Active Comparator Arm","Code","dedda0c5-580d-42dd-baf9-327cb829e2be","Code_125","http://www.cdisc.org","C174267","2023-12-15"
"Data Generated Within Study","Code","450916fc-f119-419c-8ed6-9fb14f11b894","Code_126","http://www.cdisc.org","C188866","2023-12-15"
"Active Comparator Arm","Code","2d9a75f2-ad6c-4bce-89d2-edd42fe31298","Code_127","http://www.cdisc.org","C174267","2023-12-15"
"Data Generated Within Study","Code","75f4fdc4-10c8-4e41-ba8a-8eebb4144d9a","Code_128","http://www.cdisc.org","C188866","2023-12-15"
"Double Blind Study","Code","f8ca2f19-863b-48c2-9de3-66cfc5b701b8","Code_136","http://www.cdisc.org","C15228","2023-12-15"
"Screening Epoch","Code","66daa86f-e268-448d-8663-735fc6d08632","Code_129","http://www.cdisc.org","C202487","2023-12-15"
"Treatment Epoch","Code","ffda4bf4-5e29-4fd0-a182-596cdc77d3db","Code_130","http://www.cdisc.org","C101526","2023-12-15"
"Treatment Epoch","Code","2f625a37-dfae-474b-96f2-2826cace07a2","Code_131","http://www.cdisc.org","C101526","2023-12-15"
"Treatment Epoch","Code","a2b308cd-5f6b-425c-aa62-d1a88485e5f9","Code_132","http://www.cdisc.org","C101526","2023-12-15"
"Follow-Up Epoch","Code","b8346481-0b6d-48a8-9b85-c0dd605daa04","Code_133","http://www.cdisc.org","C202578","2023-12-15"
"Alzheimer's disease; unspecified","Code","66aaa5f7-3fa6-492d-90fb-07031e94fe55","Code_550","ICD-10-CM","G30.9","1"
"Alzheimer's disease","Code","9ad5b624-0fa0-46db-aeb4-b3311040b7f5","Code_551","SNOMED","26929004","January 31, 2018"
"Sponsor","Code","998040d0-df47-47d7-9339-95bf0870c40d","Code_142","http://www.cdisc.org","C70793","2023-12-15"
"Primary Objective","Code","735dadf4-3bf2-44d7-85d9-a99fd06cae4e","Code_555","http://www.cdisc.org","C85826","2023-12-15"
"Primary Endpoint","Code","d1aa8088-2f11-471f-a1b6-7409f64d5c94","Code_554","http://www.cdisc.org","C94496","2023-12-15"
"Primary Endpoint","Code","6420af2f-0a95-4cdc-8a35-f93fd40a4ce1","Code_556","http://www.cdisc.org","C94496","2023-12-15"
"Primary Objective","Code","f6c8a2e5-732d-4e16-8481-acfa2f79f07c","Code_558","http://www.cdisc.org","C85826","2023-12-15"
"Primary Endpoint","Code","84462d66-100e-4119-b2cc-c71e6bd214e1","Code_557","http://www.cdisc.org","C94496","2023-12-15"
"Primary Endpoint","Code","5cadd54b-527e-4e39-b782-d9a7b0685c67","Code_559","http://www.cdisc.org","C94496","2023-12-15"
"Primary Endpoint","Code","92c72a87-e8f6-41ae-9696-9bcf9146617f","Code_560","http://www.cdisc.org","C94496","2023-12-15"
"Secondary Objective","Code","7fdc14d9-efb1-4e6d-80ca-010fb819d0a8","Code_562","http://www.cdisc.org","C85827","2023-12-15"
"Secondary Endpoint","Code","c67cae47-0491-4725-9f87-5b5e35c6523c","Code_561","http://www.cdisc.org","C139173","2023-12-15"
"Secondary Endpoint","Code","f244c9f5-680b-4613-be6e-3ad4472fbb29","Code_563","http://www.cdisc.org","C139173","2023-12-15"
"Secondary Endpoint","Code","944a6f07-7e59-4f0f-82f7-1cc2615aaf05","Code_564","http://www.cdisc.org","C139173","2023-12-15"
"Secondary Objective","Code","e02a01c7-d969-46af-9ab3-4ecfa0695e2d","Code_566","http://www.cdisc.org","C85827","2023-12-15"
"Secondary Endpoint","Code","31dd70cb-c1a5-4ab4-8cdb-2d22ac9dbcce","Code_565","http://www.cdisc.org","C139173","2023-12-15"
"Secondary Objective","Code","f88847c9-865d-4a75-be33-9f7fa340d485","Code_568","http://www.cdisc.org","C85827","2023-12-15"
"Secondary Endpoint","Code","2ca05b34-f6b5-4673-a0c0-497036b42f6d","Code_567","http://www.cdisc.org","C139173","2023-12-15"
"Secondary Objective","Code","efb7bb0e-f057-447f-a28c-03d5d0782aca","Code_570","http://www.cdisc.org","C85827","2023-12-15"
"Secondary Endpoint","Code","e682a14d-0664-446b-bb06-48c19352f44b","Code_569","http://www.cdisc.org","C139173","2023-12-15"
"Both","Code","d1390157-1d76-4f78-ab9a-9021f23b0f23","Code_553","http://www.cdisc.org","C49636","2023-12-15"
"Inclusion Criteria","Code","d57eb236-985b-4887-b459-92f556fe76ae","Code_571","http://www.cdisc.org","C25532","2023-12-15"
"Inclusion Criteria","Code","b5cc7eff-2172-4569-acf5-f8a4f6fde47a","Code_572","http://www.cdisc.org","C25532","2023-12-15"
"Inclusion Criteria","Code","764ef349-d168-40b1-8b64-3bb0ed8a9a51","Code_573","http://www.cdisc.org","C25532","2023-12-15"
"Inclusion Criteria","Code","ab8ef2cb-2a6a-43f7-bab3-3a29820b5ad1","Code_574","http://www.cdisc.org","C25532","2023-12-15"
"Inclusion Criteria","Code","a7bf68c4-1814-4f91-b71e-7fa6ec911ad4","Code_575","http://www.cdisc.org","C25532","2023-12-15"
"Inclusion Criteria","Code","f3a10800-e729-4371-aedf-fe99235c6379","Code_576","http://www.cdisc.org","C25532","2023-12-15"
"Inclusion Criteria","Code","6d28668c-ed47-4208-8e1e-0dc058571a68","Code_577","http://www.cdisc.org","C25532","2023-12-15"
"Inclusion Criteria","Code","d122d686-0213-4406-915d-26cc1fddcb6a","Code_578","http://www.cdisc.org","C25532","2023-12-15"
"Exclusion Criteria","Code","98d81c26-7583-4ea0-88b6-73a77f7a97cf","Code_579","http://www.cdisc.org","C25370","2023-12-15"
"Exclusion Criteria","Code","c60123e4-3537-427e-910e-33dbb8479e9a","Code_580","http://www.cdisc.org","C25370","2023-12-15"
"Exclusion Criteria","Code","2a4b0e51-e61b-423e-8a6c-6547ac9f17aa","Code_581","http://www.cdisc.org","C25370","2023-12-15"
"Exclusion Criteria","Code","ec2d2642-73d5-4f49-bb7e-1c1362191c29","Code_582","http://www.cdisc.org","C25370","2023-12-15"
"Exclusion Criteria","Code","005b3538-ff47-4678-b388-3328ec27b1b8","Code_583","http://www.cdisc.org","C25370","2023-12-15"
"Exclusion Criteria","Code","d6b1b4fc-a82b-4775-a03a-35cd5294a67d","Code_584","http://www.cdisc.org","C25370","2023-12-15"
"Exclusion Criteria","Code","a12de6cf-18d8-48d7-a9a5-902416007ee3","Code_585","http://www.cdisc.org","C25370","2023-12-15"
"Exclusion Criteria","Code","118eb3c3-990f-498f-b3d4-b862cb55d6c8","Code_586","http://www.cdisc.org","C25370","2023-12-15"
"Exclusion Criteria","Code","8fcb5dd6-bf70-4f82-b733-9c4d5c03519c","Code_587","http://www.cdisc.org","C25370","2023-12-15"
"Exclusion Criteria","Code","b3717ebf-e9ea-45e0-8e7d-05e40e23cff6","Code_588","http://www.cdisc.org","C25370","2023-12-15"
"Exclusion Criteria","Code","3efeb634-b0a6-4436-8411-bd222a7e84d8","Code_589","http://www.cdisc.org","C25370","2023-12-15"
"Exclusion Criteria","Code","91850f0b-393c-497a-8a18-7f082a3debc7","Code_590","http://www.cdisc.org","C25370","2023-12-15"
"Exclusion Criteria","Code","11309d70-8e57-4d69-84a9-e1aafacb7f46","Code_591","http://www.cdisc.org","C25370","2023-12-15"
"Exclusion Criteria","Code","54066e7e-d9b4-4ed1-8526-893caee56243","Code_592","http://www.cdisc.org","C25370","2023-12-15"
"Exclusion Criteria","Code","f114d483-d8a8-40ab-a2ec-4572cdc22fdc","Code_593","http://www.cdisc.org","C25370","2023-12-15"
"Exclusion Criteria","Code","ab2cd50d-3ef1-49c2-a874-123786f2a3fb","Code_594","http://www.cdisc.org","C25370","2023-12-15"
"Exclusion Criteria","Code","376a358d-42f1-4660-926f-733fb1f602a2","Code_595","http://www.cdisc.org","C25370","2023-12-15"
"Exclusion Criteria","Code","f2a65836-4164-4e1f-811c-f560f8daea5d","Code_596","http://www.cdisc.org","C25370","2023-12-15"
"Exclusion Criteria","Code","1167e6b8-d756-43be-80a5-042b37259cb9","Code_597","http://www.cdisc.org","C25370","2023-12-15"
"Exclusion Criteria","Code","33bf46e0-6dda-4cc3-8da4-bbf55766f0ba","Code_598","http://www.cdisc.org","C25370","2023-12-15"
"Exclusion Criteria","Code","bf2dffb4-24a7-47b7-bd83-c9a3ff011402","Code_599","http://www.cdisc.org","C25370","2023-12-15"
"Exclusion Criteria","Code","18652467-87f0-44c7-bd18-2b21f5db496a","Code_600","http://www.cdisc.org","C25370","2023-12-15"
"Exclusion Criteria","Code","87744b53-b2b5-4877-9a00-f7769790fd7f","Code_601","http://www.cdisc.org","C25370","2023-12-15"
"Year","Code","fc0bb966-d09e-447b-8bce-a22014bc791b","Code_552","http://www.cdisc.org","C29848","2023-12-15"
"Before","Code","2acfb3a8-b484-45fb-8969-919d8dd68cde","Code_14","http://www.cdisc.org","C201357","2023-12-15"
"Start to Start","Code","6fd373db-8466-49d0-9bbb-3ff5eb5e8fb6","Code_15","http://www.cdisc.org","C201355","2023-12-15"
"Before","Code","ff2f8be9-a1bb-4640-8a23-da546b69a2f3","Code_16","http://www.cdisc.org","C201357","2023-12-15"
"Start to Start","Code","ba31019a-9ee9-44ff-8be5-de7ef5acad4e","Code_17","http://www.cdisc.org","C201355","2023-12-15"
"Fixed Reference","Code","d9882d14-c3e6-411f-be72-e18199e8a043","Code_19","http://www.cdisc.org","C201358","2023-12-15"
"Start to Start","Code","810c8f5c-e4c7-408a-bc23-de142bc7e911","Code_20","http://www.cdisc.org","C201355","2023-12-15"
"After","Code","37b86c9b-65ff-4b2c-b748-0245987c5e73","Code_21","http://www.cdisc.org","C201356","2023-12-15"
"Start to Start","Code","13356d69-b0a3-48f4-9a4c-11bda2017464","Code_22","http://www.cdisc.org","C201355","2023-12-15"
"After","Code","430d03c1-598f-45c4-bda7-cbdd39227c51","Code_24","http://www.cdisc.org","C201356","2023-12-15"
"Start to Start","Code","d017c612-d9fb-4c08-8630-e8ff50564f99","Code_25","http://www.cdisc.org","C201355","2023-12-15"
"After","Code","bd65de9c-4b3d-4810-9468-2b81f8c9158d","Code_27","http://www.cdisc.org","C201356","2023-12-15"
"Start to Start","Code","697d96e7-68f7-4499-bf34-fdd44ba8050a","Code_28","http://www.cdisc.org","C201355","2023-12-15"
"After","Code","3cbc9b60-b6c2-4d55-a8ad-f4869218fb75","Code_30","http://www.cdisc.org","C201356","2023-12-15"
"Start to Start","Code","97818ef1-e691-452c-933e-a00ae2b3c908","Code_31","http://www.cdisc.org","C201355","2023-12-15"
"After","Code","fac177f5-dad6-45a9-8bce-fae6564c719b","Code_35","http://www.cdisc.org","C201356","2023-12-15"
"Start to Start","Code","67226870-721c-4d54-b47e-407dd7300571","Code_36","http://www.cdisc.org","C201355","2023-12-15"
"After","Code","205b8511-8c4c-412c-9265-28b79a485329","Code_40","http://www.cdisc.org","C201356","2023-12-15"
"Start to Start","Code","4a071437-424e-4342-a05a-612f5bdab3b0","Code_41","http://www.cdisc.org","C201355","2023-12-15"
"After","Code","40fa5fbc-7b44-4621-9a2f-37a5da7c8e26","Code_45","http://www.cdisc.org","C201356","2023-12-15"
"Start to Start","Code","af275c07-772d-4278-91a9-6f519b8bd6ac","Code_46","http://www.cdisc.org","C201355","2023-12-15"
"After","Code","b27e5232-e033-4604-a044-1d44d4b7d9db","Code_50","http://www.cdisc.org","C201356","2023-12-15"
"Start to Start","Code","d9b0f965-8b42-46a0-a061-d0c333270e15","Code_51","http://www.cdisc.org","C201355","2023-12-15"
"After","Code","3246e638-7cb3-4f14-889b-5346bbe8fb7a","Code_53","http://www.cdisc.org","C201356","2023-12-15"
"Start to Start","Code","c3988741-1ba4-4f42-b024-67fc93362203","Code_54","http://www.cdisc.org","C201355","2023-12-15"
"After","Code","fef49ad7-ef4b-46e3-a84a-45b9c2e50c2a","Code_33","http://www.cdisc.org","C201356","2023-12-15"
"Start to Start","Code","5323e0c7-0240-4f52-af1c-80498176879f","Code_34","http://www.cdisc.org","C201355","2023-12-15"
"After","Code","30c8186f-ed13-45b6-9172-e77a06d480a1","Code_38","http://www.cdisc.org","C201356","2023-12-15"
"Start to Start","Code","95bbbc1d-8d1d-499b-9425-d7f87b1e4f4f","Code_39","http://www.cdisc.org","C201355","2023-12-15"
"After","Code","fe6a94be-8af3-4a3b-98fb-6d8e11d7de2e","Code_43","http://www.cdisc.org","C201356","2023-12-15"
"Start to Start","Code","ae225d02-dba7-4243-b594-7dc1dc07865b","Code_44","http://www.cdisc.org","C201355","2023-12-15"
"After","Code","89e7553c-c28f-46f6-9aab-901fd94ed3a6","Code_48","http://www.cdisc.org","C201356","2023-12-15"
"Start to Start","Code","63d7b28c-d41a-46c1-980a-5471370e8007","Code_49","http://www.cdisc.org","C201355","2023-12-15"
"Fixed Reference","Code","2227b14b-74af-46c2-bc59-644d5efeb40b","Code_56","http://www.cdisc.org","C201358","2023-12-15"
"Start to Start","Code","b4c58996-d51c-485c-a0ad-211ea37e523d","Code_57","http://www.cdisc.org","C201355","2023-12-15"
"Fixed Reference","Code","a1d3787c-3d7f-4000-8a76-55af9f401049","Code_58","http://www.cdisc.org","C201358","2023-12-15"
"Start to Start","Code","43d6810c-7630-4188-82ee-d27f95b3ca8c","Code_59","http://www.cdisc.org","C201355","2023-12-15"
"Fixed Reference","Code","9627e6d9-7c58-4e9e-8486-16887fe07003","Code_60","http://www.cdisc.org","C201358","2023-12-15"
"Start to Start","Code","08601ed1-df08-4ee2-a193-80dbbdc9119e","Code_61","http://www.cdisc.org","C201355","2023-12-15"
"After","Code","c22c3ffc-9356-4975-bd01-962aedc9aa6a","Code_62","http://www.cdisc.org","C201356","2023-12-15"
"Start to Start","Code","e3b0d972-c257-4b46-a028-5c4bc00d02cf","Code_63","http://www.cdisc.org","C201355","2023-12-15"
"After","Code","c7189101-485a-4515-811a-b47c1dbf0f60","Code_64","http://www.cdisc.org","C201356","2023-12-15"
"End to Start","Code","4ab52edb-9aa9-495d-a8c5-541d5a7dbc5f","Code_65","http://www.cdisc.org","C201353","2023-12-15"
"After","Code","d0122b76-11d7-42bf-8bf9-e43530227c9f","Code_66","http://www.cdisc.org","C201356","2023-12-15"
"Start to Start","Code","04ae4aad-09b1-46ea-8447-1f99e1911976","Code_67","http://www.cdisc.org","C201355","2023-12-15"
"After","Code","3ca12106-81fa-48b0-8d7c-12866ea26be8","Code_68","http://www.cdisc.org","C201356","2023-12-15"
"End to Start","Code","1e7cc31b-1ff2-487e-8944-42794263f15f","Code_69","http://www.cdisc.org","C201353","2023-12-15"
"After","Code","1edb7d0b-a8da-444f-bf4e-5875c14c3034","Code_70","http://www.cdisc.org","C201356","2023-12-15"
"Start to Start","Code","b77230bd-2d45-485e-8370-0bd16b6ce4c4","Code_71","http://www.cdisc.org","C201355","2023-12-15"
"Clinical Study Sponsor","Code","b736fe3e-2538-4764-b096-3879bfb033a2","Code_602","http://www.cdisc.org","C70793","2023-12-15"
"United Kingdom of Great Britain and Northern Ireland","Code","e0f8bf86-1f06-4556-9e99-1b5f4d5e62ac","Code_603","ISO 3166 1 alpha3","GBR","2020-08"
"Study Acronym","Code","223b5847-b23c-4331-88d3-c2017419ec0e","Code_3","http://www.cdisc.org","C94108","2023-12-15"
"Brief Study Title","Code","842af73d-d3d7-4aa6-9f29-81cfc43f95fc","Code_5","http://www.cdisc.org","C99905x1","2023-12-15"
"Official Study Title","Code","3ceea5ec-ac1d-4f18-8b75-862eafc61aff","Code_6","http://www.cdisc.org","C99905x2","2023-12-15"
"Public Study Title","Code","1c69dc9f-5057-4e57-9cf0-6dbbb0f55e02","Code_7","http://www.cdisc.org","C99905x3","2023-12-15"
"Final","Code","3333f7e7-ffde-4777-8411-effd0e90ec6c","Code_8","http://www.cdisc.org","C25508","2023-12-15"
"Protocol Effective Date","Code","1ea746d4-8141-4f8e-b48b-c6c1b66afab3","Code_11","http://www.cdisc.org","C99903x1","2023-12-15"
"Region","Code","ebf33b75-79ab-4af9-9801-437ede6e8365","Code_13","http://www.cdisc.org","C41129","2023-12-15"
"Europe","Code","7096aaa1-cb49-4884-95a0-865d6ce08cb4","Code_12","ISO 3166 1 alpha3","150","2020-08"
