"id","uuid:ID","instanceType","isEnabled"
"ResponseCode_151","ce0ca9e9-c5bf-42c3-9612-a79bc187baea","ResponseCode","True"
"ResponseCode_152","4ed37408-e46a-4fd7-be29-306dfe128dfd","ResponseCode","True"
"ResponseCode_153","6fb4bccd-2d73-45cf-b0e4-fee4fe0c8c87","ResponseCode","True"
"ResponseCode_154","59494d4e-7a2b-4840-b728-2a53f86ebc0a","ResponseCode","True"
"ResponseCode_155","c8786406-9128-4e37-b46b-b24519eb9d06","ResponseCode","True"
"ResponseCode_156","f6348464-a752-4e11-913e-3aaa4b8ed832","ResponseCode","True"
"ResponseCode_157","354afe29-07f6-4557-8cd5-ec4a9b6fad50","ResponseCode","True"
"ResponseCode_158","4d64f98e-430c-4648-bb20-c80242cec3d3","ResponseCode","True"
"ResponseCode_159","eb6ed7de-6439-4617-bef7-ef1ef1feec61","ResponseCode","True"
"ResponseCode_160","18844283-e661-46d3-97a5-140d2a3a4392","ResponseCode","True"
"ResponseCode_161","c85d6dee-83fb-482d-aa98-f76cce30c3f7","ResponseCode","True"
"ResponseCode_162","6c4d85a4-869e-48f2-a583-28f75977da67","ResponseCode","True"
"ResponseCode_163","7b1de568-86d7-4b6c-bbcc-97d44dbf1e5e","ResponseCode","True"
"ResponseCode_164","741ba31c-adbf-4bd7-987b-d482516beef4","ResponseCode","True"
"ResponseCode_165","151ef48d-e1d3-4d3d-b8b0-eaefd71dcbbb","ResponseCode","True"
"ResponseCode_166","55ca332f-424d-4428-ac9d-abc580b74fc7","ResponseCode","True"
"ResponseCode_167","46b94f7e-d612-4f29-82a2-24d0cf45fde5","ResponseCode","True"
"ResponseCode_168","8c53a035-2b4b-49f5-aa8e-b78a68413202","ResponseCode","True"
"ResponseCode_169","e2443430-33ea-4d14-a2f5-8cf1be8cb441","ResponseCode","True"
"ResponseCode_170","b981be6f-a91d-4fce-a9b5-7f306d2bef18","ResponseCode","True"
"ResponseCode_171","8eba162d-bdf1-4ff4-9cbd-ed57f86d2bea","ResponseCode","True"
"ResponseCode_172","121ce098-687d-441e-ae40-2bbbd47a18d8","ResponseCode","True"
"ResponseCode_173","83f2ebe5-7d89-4981-97db-923972f2b44b","ResponseCode","True"
"ResponseCode_174","9d46fd61-f649-4c2e-ac4e-13aa4ef1a1ac","ResponseCode","True"
"ResponseCode_175","869a6974-4d84-4280-8996-faa9277950ce","ResponseCode","True"
"ResponseCode_176","f64226f5-88d6-40fb-a6aa-dc403d865c80","ResponseCode","True"
"ResponseCode_177","7df2fac3-0399-4f23-9191-d21d23bf7d49","ResponseCode","True"
"ResponseCode_178","930464bc-bf4b-4d44-964a-bd4b9c515269","ResponseCode","True"
"ResponseCode_179","c90edcbb-7cc4-4888-a1e9-84ac6ff6ad34","ResponseCode","True"
"ResponseCode_180","06f5bebe-b4db-4029-9638-80b3b22b48ba","ResponseCode","True"
"ResponseCode_181","2f99081a-c8f8-4c83-8bc6-e4d9e6f6b291","ResponseCode","True"
"ResponseCode_182","90337332-fcfb-45c0-b430-d8484d39fe13","ResponseCode","True"
"ResponseCode_183","868c1990-5a5c-4a41-9eb6-08633adb6065","ResponseCode","True"
"ResponseCode_184","e19a73e5-b547-486e-9e3e-b11e669bcbb0","ResponseCode","True"
"ResponseCode_185","2f0d8114-0fa6-4dc3-96ed-d34db434163f","ResponseCode","True"
"ResponseCode_186","df86c478-c01b-4ce8-b694-d3da8391352f","ResponseCode","True"
"ResponseCode_187","ab03001f-0e97-4f13-9583-587ef9d1cc6c","ResponseCode","True"
"ResponseCode_188","b19f163e-d96f-4f45-86f8-b6e0828f0f4d","ResponseCode","True"
"ResponseCode_189","49a14f1d-0666-47c1-9672-87cbe0c6c6d5","ResponseCode","True"
"ResponseCode_190","ec0c843b-bf0c-4db7-a085-d5299fa69eba","ResponseCode","True"
"ResponseCode_191","e48927f9-2b43-40cf-93e3-022e6cc57169","ResponseCode","True"
"ResponseCode_192","a3bd08d7-3b3a-499f-8ebb-5bf19430f40a","ResponseCode","True"
"ResponseCode_193","17c00e90-e2bc-4691-9c3e-5616871a40d7","ResponseCode","True"
"ResponseCode_194","811070a4-19a2-4fbe-be2e-e149fdd5127a","ResponseCode","True"
"ResponseCode_195","2a0fa6db-e0e6-4a79-adb3-1213446b4652","ResponseCode","True"
"ResponseCode_196","65386dd0-eda8-4266-abc4-55995ff13d65","ResponseCode","True"
"ResponseCode_197","f4d1ae64-b39c-4b6e-ba47-041a67083e02","ResponseCode","True"
"ResponseCode_198","36df57c6-2d22-4c05-b0fd-ebff7bff7f9a","ResponseCode","True"
"ResponseCode_199","732c0de6-68b5-4dd5-86a3-f1921a0faf8a","ResponseCode","True"
"ResponseCode_200","c4a82c78-dcca-41a2-bfe0-d49cfeba6c32","ResponseCode","True"
"ResponseCode_201","ee2b1937-5a97-46f7-94a6-84a84f0ddc6f","ResponseCode","True"
"ResponseCode_202","cb289762-2aa1-48aa-9715-52074187149b","ResponseCode","True"
"ResponseCode_203","67f0746a-50f2-464f-b63d-64d95f26a534","ResponseCode","True"
"ResponseCode_1","aa8874bb-a778-4bd5-87ea-e5fc80be733c","ResponseCode","True"
"ResponseCode_2","882407a7-d099-4516-965a-c973b8e7c613","ResponseCode","True"
"ResponseCode_3","c0c1ee9a-7ee2-4f73-a9e2-f0bd12907451","ResponseCode","True"
"ResponseCode_4","fd35f402-1a5d-4ee6-8e7e-16410c9f7175","ResponseCode","True"
"ResponseCode_5","1fb02e05-53f2-496e-857d-283d39dfb56f","ResponseCode","True"
"ResponseCode_6","b70b9ea7-8fdc-477e-aa07-2d59e87ecbd3","ResponseCode","True"
"ResponseCode_7","b8abe8f9-df49-4f43-bbb6-5d8ccc439481","ResponseCode","True"
"ResponseCode_8","70fde656-02e1-4c0a-8ccc-98d2e5062768","ResponseCode","True"
"ResponseCode_9","900ca196-2f72-49cc-a0bc-9761c3f39e75","ResponseCode","True"
"ResponseCode_10","4dac8e09-314a-4401-a2f9-1c9d604772b3","ResponseCode","True"
"ResponseCode_11","a17f1825-594e-4e09-b353-8d74a82aa0c6","ResponseCode","True"
"ResponseCode_12","fc8b4202-561f-47a4-ac67-c9aaca4d4e31","ResponseCode","True"
"ResponseCode_13","af0b0561-1956-4a58-b25b-268e6c5d1b36","ResponseCode","True"
"ResponseCode_14","c914e9b1-bb4c-4983-adc5-cdbd5d5c96cd","ResponseCode","True"
"ResponseCode_15","2da10e29-d315-4996-83f5-f7b8b4f1c873","ResponseCode","True"
"ResponseCode_16","d1e5d60d-95b4-4ecd-9360-8b9da817c262","ResponseCode","True"
"ResponseCode_17","9e7131bc-bc0a-470c-b9d9-03e14c28d76b","ResponseCode","True"
"ResponseCode_18","ca436e2f-3c29-43ee-8bef-2208ef2900d9","ResponseCode","True"
"ResponseCode_19","96dd6007-7204-4f90-89b0-fc086c10c940","ResponseCode","True"
"ResponseCode_20","7e1aa20d-751a-43c1-a38e-d94defb4c0cd","ResponseCode","True"
"ResponseCode_21","56c182ce-77c5-4b25-a023-84a535ee6d9a","ResponseCode","True"
"ResponseCode_22","8356527d-57ad-4bb1-b85b-297c1660f09f","ResponseCode","True"
"ResponseCode_23","e00b4835-9f31-412c-aebb-c56f14676bff","ResponseCode","True"
"ResponseCode_24","addbd68a-65d1-47cc-82ca-806f21bc94f3","ResponseCode","True"
"ResponseCode_25","fd300e0b-b1f2-4af3-9b19-4aa9736cdb7d","ResponseCode","True"
"ResponseCode_26","dd271b52-b887-4a66-b2bd-f9c0165f26e6","ResponseCode","True"
"ResponseCode_27","85d86427-b245-4416-8d79-a09d9f8e6b94","ResponseCode","True"
"ResponseCode_28","cc29cc2d-ec32-4062-ac2d-4b1105654663","ResponseCode","True"
"ResponseCode_29","6eeb7bba-bd42-4ac3-87cd-5e1f2ed77ea8","ResponseCode","True"
"ResponseCode_30","0f28e804-eeb9-44c9-947c-fb75240a89f9","ResponseCode","True"
"ResponseCode_31","09b92a2d-d772-47e9-b3b9-cfa7788a1b9c","ResponseCode","True"
"ResponseCode_32","42441e6f-8f00-42c1-bfb5-61f8546abeed","ResponseCode","True"
"ResponseCode_33","28ee3414-81ad-460c-bbc3-3417c4eef1b0","ResponseCode","True"
"ResponseCode_34","994ea9b4-d881-460b-b7d9-2278bb9820e7","ResponseCode","True"
"ResponseCode_35","0479c839-650a-4306-9030-5483b648b9e8","ResponseCode","True"
"ResponseCode_36","8ebff2c7-d524-4ae4-9c10-2eca24a8b70f","ResponseCode","True"
"ResponseCode_37","fe4dbbb6-f02a-4ed1-8fcb-77f2410ac7b9","ResponseCode","True"
"ResponseCode_38","96f3f188-f6ad-493d-b962-78d1478b9527","ResponseCode","True"
"ResponseCode_39","d3824934-6cce-4b6c-a0fc-3dfea36f6f28","ResponseCode","True"
"ResponseCode_40","c2799edf-3685-4b51-8ee5-d0c5109d683c","ResponseCode","True"
"ResponseCode_41","25a71ab6-0680-4600-9337-68b1a743b5e4","ResponseCode","True"
"ResponseCode_42","bd41563c-8cf2-493c-8fa9-392376eab3d4","ResponseCode","True"
"ResponseCode_43","fd6a6362-0d6b-40af-868a-d324022fac51","ResponseCode","True"
"ResponseCode_44","d81a6852-b507-40c9-acaf-7cf9f7ed0019","ResponseCode","True"
"ResponseCode_45","8c28080e-018a-4b22-93f7-29685e69521a","ResponseCode","True"
"ResponseCode_46","a4e0be51-650c-45a0-923d-9f1cf2a483e4","ResponseCode","True"
"ResponseCode_47","8663f0e3-9018-4b50-9c85-7ce6a277a845","ResponseCode","True"
"ResponseCode_48","7ea17906-fb8e-428a-80a9-3e8e0c439c32","ResponseCode","True"
"ResponseCode_49","c87c130a-1915-4424-860e-1f628c97756d","ResponseCode","True"
"ResponseCode_50","6d3034f8-0c61-4eff-9096-f033d94e9d4f","ResponseCode","True"
"ResponseCode_51","f02fc08e-4c0c-4eb0-a765-ed2345dfad92","ResponseCode","True"
"ResponseCode_52","f55dcfc8-4707-4401-b6c1-1b437b2620b8","ResponseCode","True"
"ResponseCode_53","b9b588dc-fdb3-4c49-8c4c-9a2dd7c1d391","ResponseCode","True"
"ResponseCode_54","f15d5a43-ee33-4976-9407-d52d771b18ca","ResponseCode","True"
"ResponseCode_55","dd9e29b0-e3a4-487b-8e4a-30e3d5a94d04","ResponseCode","True"
"ResponseCode_56","ff89ed1f-0318-4bae-a7fa-3bf722a19b71","ResponseCode","True"
"ResponseCode_57","9eec8fda-a988-42e4-b885-e3c348fbebec","ResponseCode","True"
"ResponseCode_58","6eb179ee-a1c4-4ed4-b0d2-fef93e4b67ce","ResponseCode","True"
"ResponseCode_59","805eb265-8e69-4300-8099-c46b01274289","ResponseCode","True"
"ResponseCode_60","ac16d6ed-3819-4e9e-9c15-e7b3a6cff7ef","ResponseCode","True"
"ResponseCode_61","8b243dd9-bb5a-4129-835e-01b2f9d7aaef","ResponseCode","True"
"ResponseCode_62","8631ffde-d140-465e-9cbb-fd48c3231f87","ResponseCode","True"
"ResponseCode_63","f8871aca-2e2b-4924-914d-11374fd28bdd","ResponseCode","True"
"ResponseCode_64","58605148-5134-443a-a252-6d10ca1e693a","ResponseCode","True"
"ResponseCode_65","f512b451-4bb5-4086-a5c3-cba916396427","ResponseCode","True"
"ResponseCode_66","66252460-6f49-4282-beba-e300f3e5d7f8","ResponseCode","True"
"ResponseCode_67","36099072-6264-4648-b572-776eb5b60b3d","ResponseCode","True"
"ResponseCode_68","24c5637d-741c-4b43-bc47-7b5c59996570","ResponseCode","True"
"ResponseCode_69","d3b60580-1982-480f-a23d-7ecd40fa62a0","ResponseCode","True"
"ResponseCode_70","fea43862-5b2b-4b57-bf6e-12b34486cc81","ResponseCode","True"
"ResponseCode_71","66d5b623-f4c4-4a38-8701-48aab453bd0d","ResponseCode","True"
"ResponseCode_72","4d1d698f-2ab0-4fcf-9877-db1954e6d7cc","ResponseCode","True"
"ResponseCode_73","fe8ed871-d4ec-4c66-8fd3-54fb8666c07c","ResponseCode","True"
"ResponseCode_74","ddb61f44-2bde-4631-b767-ded8a019abd5","ResponseCode","True"
"ResponseCode_75","9c4cf160-de7b-47bb-8485-f5893e78dadd","ResponseCode","True"
"ResponseCode_76","cb61c23a-23ac-470e-a334-a59a30b4e106","ResponseCode","True"
"ResponseCode_77","55aba5c3-a207-47a6-b1fa-84cc2f03a7a7","ResponseCode","True"
"ResponseCode_78","022d1327-7717-4b01-8033-7bc18aea75e4","ResponseCode","True"
"ResponseCode_79","c8933a19-d86c-4779-9fe8-e0a9835f760d","ResponseCode","True"
"ResponseCode_80","ab4d5774-916c-4302-9b79-d8c13026e716","ResponseCode","True"
"ResponseCode_81","4373264f-238a-4f65-9264-78d8e9f9a440","ResponseCode","True"
"ResponseCode_82","95908384-2da1-49b5-a2f1-040cc7dd1837","ResponseCode","True"
"ResponseCode_83","45f30b3b-3035-46f4-ae21-5c8bb91dcc76","ResponseCode","True"
"ResponseCode_84","065e9436-6db6-4131-82b0-44fc65b083d8","ResponseCode","True"
"ResponseCode_85","242150c5-9a7e-4469-a345-c4283dd4915b","ResponseCode","True"
"ResponseCode_86","da3e3132-6363-44c6-88fb-06f4b53bd27c","ResponseCode","True"
"ResponseCode_87","8d1e148d-3496-4e2f-a7f7-1f135db24b7b","ResponseCode","True"
"ResponseCode_88","da4b36a9-60b1-4361-9100-6d024fc55606","ResponseCode","True"
"ResponseCode_89","0e3c417d-1294-476d-b519-9739d01f5f73","ResponseCode","True"
"ResponseCode_90","b8f1e596-948d-4206-a411-6ec907430c64","ResponseCode","True"
"ResponseCode_91","851af11d-36f1-4a45-b1aa-6fb5817999b2","ResponseCode","True"
"ResponseCode_92","b8a77b48-a176-443f-b42a-cd09fceef253","ResponseCode","True"
"ResponseCode_93","b0b23d54-e46b-490e-b79a-a4f19415d047","ResponseCode","True"
"ResponseCode_94","cccace82-0941-4ef2-912f-5173f6355e26","ResponseCode","True"
"ResponseCode_95","72a68448-0ce7-4625-9cfa-52674c909f31","ResponseCode","True"
"ResponseCode_96","39300ef8-dcdf-444a-a44e-0e35b019f324","ResponseCode","True"
"ResponseCode_97","563630f6-5c21-4d64-a311-68854733b2f9","ResponseCode","True"
"ResponseCode_98","8723ab7b-0c97-4fd1-a106-7350d62ad7d3","ResponseCode","True"
"ResponseCode_99","3cf90386-7ec8-4012-8453-6da47834bb28","ResponseCode","True"
"ResponseCode_100","ed780082-2329-4169-bfe2-74056914456e","ResponseCode","True"
"ResponseCode_101","f6087e8d-5a6b-4b24-81e3-be692f061ee1","ResponseCode","True"
"ResponseCode_102","b553465b-3baf-46af-8d25-8e192472f379","ResponseCode","True"
"ResponseCode_103","a05af70f-e7d5-4e22-9c7f-ffdc20070d41","ResponseCode","True"
"ResponseCode_104","d73cf752-466a-4457-bd46-a00c9a7efd26","ResponseCode","True"
"ResponseCode_105","2b222f9f-538c-412b-8e36-c5aa8823775d","ResponseCode","True"
"ResponseCode_106","f8c06531-75fc-4387-a36d-79101e34f728","ResponseCode","True"
"ResponseCode_107","63d7d4b2-a508-46a4-a262-1fb0fa0a0f06","ResponseCode","True"
"ResponseCode_108","4a09dfe5-1a78-4cf8-b025-f952d1608783","ResponseCode","True"
"ResponseCode_109","95003e8b-d907-46bb-8a39-20dfcd4e7553","ResponseCode","True"
"ResponseCode_110","f76f3855-c2f2-4d9a-b6f0-245609f060e1","ResponseCode","True"
"ResponseCode_111","d54a63f9-3f31-4e00-b04a-e1c61e061492","ResponseCode","True"
"ResponseCode_112","4c81ddea-b3c1-43bc-8749-98cd73cdef49","ResponseCode","True"
"ResponseCode_113","9346f4a9-aeb8-4495-82f6-98aa0894b192","ResponseCode","True"
"ResponseCode_114","0b3927f1-702e-4452-9124-21c14afef1ef","ResponseCode","True"
"ResponseCode_115","d2240e6f-ed93-47be-8d54-807572052318","ResponseCode","True"
"ResponseCode_116","939f7aac-7f72-4bc3-92c2-19048bbd0482","ResponseCode","True"
"ResponseCode_117","15b49a7f-6e89-47a0-8e61-905b86794d9f","ResponseCode","True"
"ResponseCode_118","c4ca0f8d-cf91-4618-9d80-7c1b17a7a881","ResponseCode","True"
"ResponseCode_119","f1e97a13-7428-4964-9517-7d2f7dc38075","ResponseCode","True"
"ResponseCode_120","0ad26ad6-f136-4402-9c47-ab4bef3b26e0","ResponseCode","True"
"ResponseCode_121","e12450eb-273f-4e33-a74d-2f05f073ede1","ResponseCode","True"
"ResponseCode_122","d83df0b0-9948-4560-ab77-ae5047b08618","ResponseCode","True"
"ResponseCode_123","fa3fbee0-483d-4ff9-a3be-53cacbebe113","ResponseCode","True"
"ResponseCode_124","3397b6be-dd15-49dd-b6d1-3f71db9eaddf","ResponseCode","True"
"ResponseCode_125","6152c926-4c32-450a-ac29-efa1090674c5","ResponseCode","True"
"ResponseCode_126","68c4964a-cc91-4e07-867a-bd30753a4dcb","ResponseCode","True"
"ResponseCode_127","56dd3491-d44d-49f0-aef4-020f8faf3af1","ResponseCode","True"
"ResponseCode_128","d0379eb9-0e14-4bd7-b12b-2673b051a770","ResponseCode","True"
"ResponseCode_129","dd1d6657-2769-4b90-a8a6-4dac5b431ca5","ResponseCode","True"
"ResponseCode_130","6b246ddf-17c0-4bbc-a552-da9ee615e600","ResponseCode","True"
"ResponseCode_131","d6f66b49-0120-406a-b522-d3c6998f9eeb","ResponseCode","True"
"ResponseCode_132","eb2c48ea-7c4c-4a26-a0e6-eb0826321865","ResponseCode","True"
"ResponseCode_133","9aa3ba05-51ff-412d-8f67-bf5839d0b7bd","ResponseCode","True"
"ResponseCode_134","70a9bc7f-7b8c-4066-a8b8-213d2b875611","ResponseCode","True"
"ResponseCode_135","a8767bce-9e9b-434b-8966-fdf871eb02a2","ResponseCode","True"
"ResponseCode_136","440769fd-0623-4789-99c9-eb133ff772c1","ResponseCode","True"
"ResponseCode_137","bd5f1cca-9a0e-4d74-978b-1d70954345bf","ResponseCode","True"
"ResponseCode_138","549c6a59-6aff-4738-9cdf-f4c21a623677","ResponseCode","True"
"ResponseCode_139","d2e3f4cd-1319-426f-8d0d-3f8edec24f71","ResponseCode","True"
"ResponseCode_140","9f4f1bd9-b62e-4e16-81cf-a645f313a05c","ResponseCode","True"
"ResponseCode_141","325dd9ce-0a3e-4bfe-ad9d-41930b3b1614","ResponseCode","True"
"ResponseCode_142","97f14ccd-d4dc-40b6-ac23-225ad85b6181","ResponseCode","True"
"ResponseCode_143","7bd14f9e-63f3-4026-b51b-7b11db8e6370","ResponseCode","True"
"ResponseCode_144","bcc3c7c2-8256-44fa-ac94-fb805e807064","ResponseCode","True"
"ResponseCode_145","b1c2f90f-aacb-49a6-8fc4-2529394fdf97","ResponseCode","True"
"ResponseCode_146","56726223-0a53-4ff2-9ef3-a07b339ea16b","ResponseCode","True"
"ResponseCode_147","a3792ef3-4b82-4d58-adcd-926f7bb8920a","ResponseCode","True"
"ResponseCode_148","eaec320a-e724-466e-abff-1e083527687a","ResponseCode","True"
"ResponseCode_149","60b69039-0113-4130-a18d-6c9d25debb95","ResponseCode","True"
"ResponseCode_150","f77fbc73-282a-4b0e-b3ca-26928ea1c892","ResponseCode","True"
