"id","instanceType","uuid:ID"
"AliasCode_1","AliasCode","21cab042-c283-47df-a2a9-1589ff2d8a3e"
"AliasCode_3","AliasCode","b19fd7e1-926b-4653-b216-9d0f2c52ae81"
"AliasCode_139","AliasCode","f026bf37-0db8-4203-a8a7-e83e4d436b29"
"AliasCode_140","AliasCode","ded186bc-c3d1-4583-8543-cea1ac7df3b1"
"AliasCode_141","AliasCode","f6101ec5-d86a-47eb-93b1-9aeb028c8b7b"
"AliasCode_142","AliasCode","f6fd96e6-bd75-4a25-bed8-2a0a8160a96f"
"AliasCode_143","AliasCode","0bc1bbeb-5b19-4268-ba82-25e525508c88"
"AliasCode_144","AliasCode","e6188c6a-c356-44c5-a01d-12fa3367923e"
"AliasCode_145","AliasCode","32b0ea39-5ae0-4664-9010-ca0de0ae402a"
"AliasCode_146","AliasCode","6f5170f7-4066-4709-9035-540d62dacced"
"AliasCode_147","AliasCode","3870dca8-1678-49e6-8657-8236f8de0365"
"AliasCode_148","AliasCode","99049228-6b89-4770-a8d8-b6d137fead0f"
"AliasCode_149","AliasCode","ae1a9fd2-9c27-40e9-b6fe-21fc36038f9a"
"AliasCode_150","AliasCode","35e80519-583f-4142-bde3-e5df744baf12"
"AliasCode_151","AliasCode","bb76f2f4-fe5b-46f3-a8a7-dd75c19c6d2a"
"AliasCode_152","AliasCode","e2ccb7d7-4de1-421b-b600-d2b3c528534b"
"AliasCode_153","AliasCode","433dc5b4-48eb-4f04-a4aa-721904d5d6da"
"AliasCode_154","AliasCode","a7cbb0f3-4d82-48a2-9fba-52f1a2b45fef"
"AliasCode_155","AliasCode","a7d922f7-5e94-487e-ba21-7ef33f65e905"
"AliasCode_156","AliasCode","fdcf7932-2520-4cc4-8e34-43316b4d962d"
"AliasCode_157","AliasCode","4b4a8756-dd3c-4975-abc5-30abe0c652fd"
"AliasCode_158","AliasCode","5b1b2992-a691-4196-842a-f5668664c49d"
"AliasCode_159","AliasCode","d2321ba0-e680-4b0b-83d0-6d14b7b5fa33"
"AliasCode_160","AliasCode","d1177446-cc5d-4b6f-9095-98dd66965eaa"
"AliasCode_161","AliasCode","5da5ba31-fce9-4cf1-ac06-2dae057a7b82"
"AliasCode_162","AliasCode","d3b6a315-f968-462e-885c-2b29d48f7848"
"AliasCode_163","AliasCode","fe683263-280d-4b41-8a40-08a3cafd74d6"
"AliasCode_164","AliasCode","4bb9a7c6-878f-4641-bb0d-5f41f8c67bb3"
"AliasCode_165","AliasCode","0ed7714a-d56a-419e-b4e8-ead2bc2951dc"
"AliasCode_166","AliasCode","d66d84a3-b3b8-41de-911f-247985875628"
"AliasCode_167","AliasCode","5e4055d9-3986-4bd4-b59b-577af170435f"
"AliasCode_168","AliasCode","cbce568d-f8aa-4d7c-b538-396c9412b06c"
"AliasCode_169","AliasCode","e4b10dd5-6ced-4b8d-b265-c7c939eb944a"
"AliasCode_170","AliasCode","ebdcfcd5-b67f-4410-a55a-78048817e11c"
"AliasCode_171","AliasCode","7a7633de-b83d-4945-917b-0ce1f5fc8198"
"AliasCode_172","AliasCode","e1c718db-392e-43e0-ba3f-e2c4493d6452"
"AliasCode_173","AliasCode","55961a7a-ee7d-4427-9618-b3dc78776c41"
"AliasCode_174","AliasCode","e79d5664-03f9-45e7-8b05-03aa06efe080"
"AliasCode_175","AliasCode","fa91d499-e630-4ec5-a00a-c596f7c907d4"
"AliasCode_176","AliasCode","be23aefe-6d05-4f8a-ab10-9c7a074bfb79"
"AliasCode_177","AliasCode","d5cc4560-b65e-444e-8dbf-45f0e80bbbb1"
"AliasCode_178","AliasCode","61ade08d-3d0f-4bfd-8ee5-358dae9f0933"
"AliasCode_179","AliasCode","66622785-b407-40ce-b979-4831cd70b272"
"AliasCode_180","AliasCode","b3bfac61-de34-4a6c-9bc2-d04c91f5f073"
"AliasCode_181","AliasCode","6badc3dc-13f8-4d30-a580-1d4535eb8815"
"AliasCode_182","AliasCode","da2a06e8-953d-417c-8a02-70de18603d4d"
"AliasCode_183","AliasCode","d1d54121-32bb-448c-882a-5d72a7025454"
"AliasCode_184","AliasCode","40b1f598-f6e3-42b7-8421-361b1f249495"
"AliasCode_185","AliasCode","69d687b8-8139-4336-9919-0779a948417e"
"AliasCode_186","AliasCode","a48e4bc9-edd8-49a5-81ca-f5b2850aefea"
"AliasCode_187","AliasCode","f4f273d6-ac75-4a2f-b61c-d8e76de015a8"
"AliasCode_188","AliasCode","77267eec-0df5-4676-a64c-59eeca8426e2"
"AliasCode_189","AliasCode","d8806daf-591d-48b2-ad1b-ef8ad00c1360"
"AliasCode_190","AliasCode","fd3a91b6-3a13-4436-8cee-8fb81fe52ebb"
"AliasCode_191","AliasCode","d3913241-3706-43c5-9630-d25781d3dc93"
"AliasCode_192","AliasCode","6921263c-536b-4814-be7f-adfb78f7c0d7"
"AliasCode_193","AliasCode","8df71022-87c7-4f5d-93aa-3c9e12b657e7"
"AliasCode_194","AliasCode","a31fa22d-ff78-47a1-9f6c-3bba8ff62c3d"
"AliasCode_195","AliasCode","883570de-3163-4298-af6c-b7793572d8b4"
"AliasCode_196","AliasCode","353b7416-a2e5-4fa7-b33e-b4a633075967"
"AliasCode_197","AliasCode","67dff3bc-b930-472a-8664-0c83d94cbbf7"
"AliasCode_198","AliasCode","8b408bce-3d3e-4d86-a029-6257d9bcc08f"
"AliasCode_199","AliasCode","ccc1ffed-15a0-4dda-a1e8-4fee2e5149ad"
"AliasCode_200","AliasCode","44f254df-d633-407a-9fb0-3f90085a0feb"
"AliasCode_201","AliasCode","877bfd9b-822f-4912-aae8-45eeb9c29014"
"AliasCode_202","AliasCode","eef71339-67bc-44ec-a297-1ed1a64730e2"
"AliasCode_203","AliasCode","b2be4de8-e0f7-4a01-b3a6-c24a776e2600"
"AliasCode_204","AliasCode","d0482128-928f-448f-b836-9a5e0aeb20ff"
"AliasCode_205","AliasCode","4edf6de5-fff8-4984-b281-8be52975e0e3"
"AliasCode_206","AliasCode","9086357e-3bda-43dd-81c6-9f59932db310"
"AliasCode_5","AliasCode","ad5e997a-5577-43a0-99b2-9eee40f141bf"
"AliasCode_6","AliasCode","3a2a0fa2-5732-44e9-a10a-6ffee39b5a6e"
"AliasCode_7","AliasCode","b5957bd5-e9fa-4443-8a00-44910a911878"
"AliasCode_8","AliasCode","fb66b632-2da1-413b-83d7-e29f01974b5f"
"AliasCode_9","AliasCode","218e0d35-800b-4eaa-9a36-52b68061cf8c"
"AliasCode_10","AliasCode","dd0c42d4-f696-4c77-be68-63c260b87bae"
"AliasCode_11","AliasCode","6c9507b0-9111-49e7-80f2-390e9f5a3ec5"
"AliasCode_12","AliasCode","32851eb7-a130-42a6-bbf3-88f9d68ed636"
"AliasCode_13","AliasCode","6abc062e-7db1-4ddf-9545-34a0f34ab7b5"
"AliasCode_14","AliasCode","c39a268c-5cf6-4bf7-b8e7-6b091494a7f3"
"AliasCode_15","AliasCode","4973e029-d4f6-4aa1-98d7-508133fa799f"
"AliasCode_16","AliasCode","afd37190-8851-4705-ad58-3565b5c00ae0"
"AliasCode_17","AliasCode","6280822f-cb11-4d59-b073-91cf462947ea"
"AliasCode_18","AliasCode","c38b54e7-21fc-48cd-a493-6069d9cf5d23"
"AliasCode_19","AliasCode","49a7ac4a-e6af-41fe-a3cd-7aee5168a49f"
"AliasCode_20","AliasCode","c9576653-0f13-4cf1-93f2-eaeadb36f0ea"
"AliasCode_21","AliasCode","feb4b6bf-a612-4b3c-a507-ccf6f0dbbddc"
"AliasCode_22","AliasCode","b2e07aee-c4bc-4d10-8a9c-55f5898aee16"
"AliasCode_23","AliasCode","640fd953-16a8-400b-a095-133d3421ea24"
"AliasCode_24","AliasCode","720f893f-a06f-46a0-b5a7-4a3474d1b0ba"
"AliasCode_25","AliasCode","813e1280-e6a2-45ca-b691-83a4a1fc5027"
"AliasCode_26","AliasCode","93f633a7-ea00-4d6b-84dc-91e55b31971c"
"AliasCode_27","AliasCode","a9f13e7b-d5e2-43b0-a3c8-d05cc747ee73"
"AliasCode_28","AliasCode","c475887e-6d11-4c45-914d-cc2d0d4f569c"
"AliasCode_29","AliasCode","fc9b2234-2d6e-4445-9538-2bec8afe1091"
"AliasCode_30","AliasCode","b7cbba48-b107-466e-8edc-90e4cfbe69de"
"AliasCode_31","AliasCode","4b52b8fd-7351-4dfa-aa7a-68d712508ec3"
"AliasCode_32","AliasCode","bf75d49f-0bff-478a-b5cf-fa907a47d2da"
"AliasCode_33","AliasCode","a033d2f9-2a32-4759-9fca-7645881ec0dc"
"AliasCode_34","AliasCode","8c2b8d87-96e3-46af-95f9-f02f502604ac"
"AliasCode_35","AliasCode","568eda95-7d48-4fbe-84be-cc4acf2f34eb"
"AliasCode_36","AliasCode","6688b409-1bc0-4cfb-ad34-93e5d5a9e7f8"
"AliasCode_37","AliasCode","6590b48b-28ea-4fe0-85a4-5ed83c50b248"
"AliasCode_38","AliasCode","91457968-7af0-4cf5-ac68-8cf163594fb0"
"AliasCode_39","AliasCode","f9903226-8aa4-4fd2-bfc2-75776c3a8fab"
"AliasCode_40","AliasCode","306b108b-57df-40bb-9eac-0465a54515f4"
"AliasCode_41","AliasCode","dc626887-3d82-49d2-aed6-ef580e362fda"
"AliasCode_42","AliasCode","61517561-c85c-4fa8-b716-e01f4eb63b3b"
"AliasCode_43","AliasCode","236715cb-56e5-48ef-8113-d7af00a7868f"
"AliasCode_44","AliasCode","d1f50dd2-0b02-478c-ad74-4ee33291d187"
"AliasCode_45","AliasCode","6789fdb1-c4fd-4fc6-9b17-49d987d4417d"
"AliasCode_46","AliasCode","8690267e-ce37-4aff-b01a-cb749729d85e"
"AliasCode_47","AliasCode","753673f2-983c-4709-a98e-248eed83309a"
"AliasCode_48","AliasCode","8da1ec19-3ff5-418a-a33a-35ef2a4c3153"
"AliasCode_49","AliasCode","7aa18b2f-4426-4691-9820-e086fd630c15"
"AliasCode_50","AliasCode","3be2cc6c-7a0b-4b96-a211-1a8b3b9e543c"
"AliasCode_51","AliasCode","b900dccd-e4df-41ee-b38c-2263eb5ecce9"
"AliasCode_52","AliasCode","8a3b2759-92f2-4988-bd79-488d5500352c"
"AliasCode_53","AliasCode","a7f34998-36ef-4159-807a-6f260fb629be"
"AliasCode_54","AliasCode","976634c1-0617-4008-82b5-d9412c714c28"
"AliasCode_55","AliasCode","523b6037-7572-451f-8591-1c110e96aafd"
"AliasCode_56","AliasCode","68046deb-9ceb-461e-a5b3-906f190073bd"
"AliasCode_57","AliasCode","7e65f62c-d46c-4bdf-81bd-0508d6bfb1fb"
"AliasCode_58","AliasCode","43d6555d-8083-44df-b3c1-8456d03646d1"
"AliasCode_59","AliasCode","2a65d0c3-d3fc-47fb-bb5a-455919fd112a"
"AliasCode_60","AliasCode","ef928ef1-33c8-4d5c-b0b0-cdafca86ea2b"
"AliasCode_61","AliasCode","e7611499-2f95-4557-8b11-4874b11b1dc0"
"AliasCode_62","AliasCode","838292ab-3535-4bd4-91ea-0adf99fcf569"
"AliasCode_63","AliasCode","38359757-4f6c-4c66-8803-ed7137acfba6"
"AliasCode_64","AliasCode","8cb978f8-af35-4d36-aeb4-c444cef324c1"
"AliasCode_65","AliasCode","59fa84da-2439-433b-98c6-63d31e8b4b69"
"AliasCode_66","AliasCode","a8f94afc-1504-4f61-891b-3d32ce1c7c05"
"AliasCode_67","AliasCode","bb44381a-89aa-4cd4-aa9d-875f52c3cf9c"
"AliasCode_68","AliasCode","38a01f35-2b04-49bf-8adf-8bbf9894e4c8"
"AliasCode_69","AliasCode","70df6e7a-dc82-4e81-8722-6d08ac42f614"
"AliasCode_70","AliasCode","589ea0fc-7056-4faf-ac7e-3ec4d101ddda"
"AliasCode_71","AliasCode","ab478c6a-f045-4dc0-bb01-d0116fee8c79"
"AliasCode_72","AliasCode","34ef2d0b-1579-4da4-be95-6180ca6777bf"
"AliasCode_73","AliasCode","33ca82c2-1acb-4723-9268-b489330487a4"
"AliasCode_74","AliasCode","379eed9c-4b2f-4963-9a61-0cff280c2c96"
"AliasCode_75","AliasCode","f5a2918a-1a16-43ea-b4d1-da024166e630"
"AliasCode_76","AliasCode","772eeb40-bf1e-4c69-8fc6-49a19c39fe58"
"AliasCode_77","AliasCode","9af8aae9-76e6-46f0-9d0c-41f2eefbd538"
"AliasCode_78","AliasCode","6610ed28-7990-439c-83a1-fed3f5513086"
"AliasCode_79","AliasCode","da375e5b-c45f-44d1-933e-c3802bb685cc"
"AliasCode_80","AliasCode","203a39ab-30b3-4055-9cc9-b162a7b8b0ad"
"AliasCode_81","AliasCode","2b3a492c-62b8-45af-bd46-cf3db2c1587b"
"AliasCode_82","AliasCode","07444999-a402-43bf-ac4e-a33e07091b54"
"AliasCode_83","AliasCode","aed5d81e-f82b-4f2d-96a0-f6e9264ebb5e"
"AliasCode_84","AliasCode","7eeb72be-d7c8-4375-9b83-6aabc608319b"
"AliasCode_85","AliasCode","f6e28477-7f14-4d5c-99d9-eb58fa0f2af5"
"AliasCode_86","AliasCode","88b9f521-d098-4041-aa6f-a3619e46dbd8"
"AliasCode_87","AliasCode","52215457-f841-48e3-b233-777d16dd0e0a"
"AliasCode_88","AliasCode","021f8370-d44f-46c8-b553-94f094fbcdb6"
"AliasCode_89","AliasCode","d8bc6968-c350-47e3-9bee-7c86fbb15c3a"
"AliasCode_90","AliasCode","ebc259c6-b976-41b6-81e4-4a0d60695073"
"AliasCode_91","AliasCode","2237204d-f32a-46d8-9c40-b8634c8e0ead"
"AliasCode_92","AliasCode","92c68430-c8c1-4c4d-ab69-83e70034dbf3"
"AliasCode_93","AliasCode","470bdfa6-cdc9-4302-a5d8-7bf64596f227"
"AliasCode_94","AliasCode","0043a11c-5b5f-4edf-9333-58aa345ab2af"
"AliasCode_95","AliasCode","b38db0df-0229-4a33-9ffc-8672d6c99e17"
"AliasCode_96","AliasCode","7e21836d-97be-429f-84bb-1d2da597d2f2"
"AliasCode_97","AliasCode","e4652873-9e22-41e8-a56a-aead9bd912d8"
"AliasCode_98","AliasCode","351cf9a9-da0c-44c2-a4b2-99098c3a7db2"
"AliasCode_99","AliasCode","4561b366-9d1b-4037-bd7b-265a7b65eb6a"
"AliasCode_100","AliasCode","52898958-cb99-4aad-92d4-767d565c49ef"
"AliasCode_101","AliasCode","730d31c1-1a2f-4307-ade2-22debd05cfd2"
"AliasCode_102","AliasCode","a350c067-7be9-46cd-863b-98e8ded5e04f"
"AliasCode_103","AliasCode","61cad540-41d6-4b41-830e-5fd50791583a"
"AliasCode_104","AliasCode","552b3185-db1a-453f-8b8d-efdc9709bae2"
"AliasCode_105","AliasCode","0c8e3977-340b-4cff-9406-4f42be0e4174"
"AliasCode_106","AliasCode","936cfdde-5cfd-45cd-aab1-e88b2b8e214c"
"AliasCode_107","AliasCode","83dd2125-c497-4d4e-a780-b5765ed6c178"
"AliasCode_108","AliasCode","217f3757-3122-4fd9-9ace-6f9430f387dd"
"AliasCode_109","AliasCode","c96cd1f6-e744-4a87-b78c-bcd9f1c21c2b"
"AliasCode_110","AliasCode","e784abdf-d29a-4286-8842-40b4facc8997"
"AliasCode_111","AliasCode","94ff8b5d-eff5-4383-b5ad-741652447fda"
"AliasCode_112","AliasCode","4013f7e1-163a-47cb-9af5-945390f2f4a5"
"AliasCode_113","AliasCode","88e8c747-9aa7-4516-9535-06dfc94e24b4"
"AliasCode_114","AliasCode","108f2cd5-7df7-4082-a5d7-5bc7bd3e6150"
"AliasCode_115","AliasCode","672624e0-77c1-4689-af49-e47af281c932"
"AliasCode_116","AliasCode","e9520d4d-add6-4cf4-9fdf-61b6df5f617e"
"AliasCode_117","AliasCode","99a4c821-6688-4e09-94db-fb552586640b"
"AliasCode_118","AliasCode","cf76c8a9-9c73-40fa-9791-e1e17106e851"
"AliasCode_119","AliasCode","2b9fa0e3-7f2a-4245-b2f6-3d85d4ea2a3c"
"AliasCode_120","AliasCode","4081e84c-2f16-41ab-8696-442865ed6b82"
"AliasCode_121","AliasCode","1e6bd4b2-45b7-4112-81b7-35bb2f822a26"
"AliasCode_122","AliasCode","67cd725f-e64d-4791-a0fd-81c44b5e5027"
"AliasCode_123","AliasCode","fcb37008-34fa-4d79-875d-7bcf65d63282"
"AliasCode_124","AliasCode","12fdf70d-fc65-41f6-a9fa-3bd43a84fc29"
"AliasCode_125","AliasCode","df65797f-ae61-433d-b2a6-2d5454008d84"
"AliasCode_126","AliasCode","6d289b8b-6ec9-4205-b141-ca91d483b44c"
"AliasCode_127","AliasCode","241de7b6-866c-47f4-ad38-eb5be6ce7840"
"AliasCode_128","AliasCode","d9a0f43e-d950-41f7-8db2-91dbe1903766"
"AliasCode_129","AliasCode","2276aa76-4e03-4141-85b4-fca2a6e636a1"
"AliasCode_130","AliasCode","9f841ec8-fde3-461e-902f-189d094a3e4f"
"AliasCode_131","AliasCode","4a42f586-66f2-4905-ae16-f176e0f10fbc"
"AliasCode_132","AliasCode","f0e56b3e-83be-42fd-85e9-70c16f5bfe7f"
"AliasCode_133","AliasCode","146c0274-50d5-448f-af49-471be603392b"
"AliasCode_134","AliasCode","7b5a5465-fcb0-4832-b540-f9fcc219c0cd"
"AliasCode_135","AliasCode","e4c29db5-0981-44dd-a35c-2d7ecca6b451"
"AliasCode_136","AliasCode","5ecd48bb-1066-462a-aec1-825742d9bf13"
"AliasCode_137","AliasCode","85b14be8-3bb5-44ca-bc7f-32c62498aa3b"
"AliasCode_138","AliasCode","5d264880-6012-40b7-b499-e83c4138138c"
"AliasCode_4","AliasCode","316b1407-3478-4b02-8fd6-36934d5beef3"
"AliasCode_2","AliasCode","2768d115-45a6-43fd-9be1-792ff4e6786d"
